x,y
-1.211678778277258672e+00,-1.246885703466899420e+00
1.663584897191907164e+00,3.430094163567385945e-01
9.790931668572627755e-01,-9.582139637599702137e-03
1.558894861194359605e+00,6.709947516111860466e-01
7.774611037215345410e-01,-5.252460936067887554e-01
-9.584490005763534048e-01,-2.908103380032555085e-01
1.670903348897868401e+00,-1.237731215646174360e-01
2.840149682492494332e-01,1.736210640801153726e+00
-1.092961948989615184e+00,1.343274598858077651e+00
7.553318828461397239e-01,-4.777340369826321709e-01
3.088960297782864517e-01,-8.175169823984000939e-01
-3.918988703931169382e-01,-7.112196297543340595e-01
1.712680037486179474e-01,-9.268966243384910708e-01
-1.870952543406577684e-01,1.683809840050787709e+00
1.728344602516723061e+00,-3.099427560515899960e-01
1.347025173205762094e+00,-1.109106443225854388e+00
-7.902924243556151696e-02,-9.490167590404936515e-01
7.684178048102506819e-01,-6.331962713306229507e-01
-1.836611728800493282e+00,2.785914104393299451e-01
-4.087321114968605063e-01,6.844000918112087550e-01
1.277644661554848682e-01,1.767620091997068599e+00
1.171163773270743835e+00,-1.450533431437891929e+00
1.354614564256878539e+00,1.125726301065206547e+00
-1.548713534286885851e+00,-8.880290625395541593e-01
-9.294746151409902790e-01,1.301045376276622201e-01
7.050746526844824391e-01,3.968392096018899529e-01
-8.582033861754307935e-01,-1.752200335085369876e-01
-3.295363405097237464e-01,-1.645183238956781535e+00
1.810710843406561354e-01,9.383798705576289478e-01
-2.516402792921400566e-01,-7.491080154214453390e-01
5.451997414244323936e-01,-5.450884418258985509e-01
-1.519423815063256411e+00,8.988298486534190834e-01
-9.310798629145923266e-01,-1.757457656759376166e-02
2.811875796948756223e-01,9.359001711124260714e-01
-7.761104534639970964e-01,4.388522233859502852e-02
5.650196538343571495e-01,-7.034958796099373135e-01
-1.078755896424512306e+00,-1.204863746267168079e+00
2.155952420876338371e-01,-1.730805621005142791e+00
-1.250020764153003450e+00,-1.249364980918747037e+00
-1.482893790928704103e+00,6.879163780678154705e-01
-8.045980389486795392e-01,-5.079273954864832463e-01
6.121456336704702572e-01,-8.124226722429028769e-01
9.496561720676646168e-01,5.730373594146934840e-02
1.318860167923598725e+00,-1.173978276600978976e+00
-1.099947380858939727e+00,1.373779641360606929e+00
-6.770719769855475523e-01,-1.593900210844023002e+00
-8.388139763948638805e-01,3.059081833508047743e-01
1.679803771935698853e+00,-6.151851898877824798e-01
5.007983129353216212e-01,5.699048714804949567e-01
-6.711962792781253073e-01,-6.904880350656144028e-01
9.166816831399665633e-01,4.473085171658064407e-01
-8.253916349392814711e-01,-3.991684957167754844e-01
9.458094435547731438e-02,-1.693435638237952512e+00
1.260684986109939232e-01,-6.776107944325624466e-01
-2.863999986968047140e-01,-1.597665337771212668e+00
-4.953691632743945084e-02,-9.893160667253478868e-01
1.630456527063568917e+00,-6.105572768334304179e-01
-7.889744347288075721e-01,-1.589828969178719298e+00
8.120525943480136899e-01,5.976476084069214795e-02
-9.055511491098529042e-01,1.449146229794744944e-01
-1.312934062748506214e+00,-1.189174780506167872e+00
1.537478906445130411e+00,9.920062288325759425e-01
-8.163398337891198953e-01,3.968885538596230167e-01
-5.920387524574781679e-01,1.732193989893695774e+00
6.272100312031088365e-02,8.346590308319689067e-01
-1.627178759221887747e-02,9.235171197877100058e-01
-5.592691014498180069e-01,-1.815064539368620444e+00
-5.930461830537689938e-01,-7.834923537211702094e-01
-1.346899681133407967e+00,-1.145925902547937580e+00
-9.769822046048699526e-01,1.438681594447445977e-01
1.634014759495992619e+00,1.577361882501187307e-01
-1.691599647094575554e+00,-1.059621553333718769e+00
7.267973587343717901e-01,1.945675337166916652e-01
-7.321458191771624824e-01,5.254646928406202511e-01
7.480754896033748880e-01,1.557115069628575377e+00
-1.427675373127814118e-01,-1.711820810849188579e+00
3.935552511980192070e-02,8.799692589472631887e-01
-2.298980376858230923e-01,1.848061568005040067e+00
5.286041137066680440e-01,1.657596161609685925e+00
3.951860143325242603e-01,-6.645910654356096403e-01
7.557408027559281427e-01,-3.782642947929243937e-01
-1.651780192579872741e+00,-6.262408184659961075e-01
-1.082388222377537845e+00,-1.276190653850181711e+00
-1.368312969080801800e+00,-1.300656531922044667e+00
6.035382173494777680e-01,6.670285279620857821e-01
-7.658423805964400533e-01,1.443053824254214801e+00
5.957007438687723644e-01,-4.688538416149466426e-01
-9.367230084605659979e-01,-1.515223257722907002e+00
-6.940611595813593604e-02,-1.777219466550520544e+00
-1.759289248292124963e+00,8.502419769948016404e-02
3.753427478470272027e-01,-1.758902028237290249e+00
1.544314512440754517e-02,-1.777849713070138504e+00
-1.178627191437414234e+00,1.063149592919941488e+00
1.735918415546415794e+00,4.028485181505253032e-01
-6.322757559826017726e-01,-4.189184182153279368e-01
-1.037354453896828232e-01,-1.010387690211995482e+00
1.556745372798360227e+00,-1.129759817945714895e+00
-5.747270815344972528e-01,1.664682363972547208e+00
1.758947116726685911e+00,5.030652216478118666e-01
1.552931533511008599e-01,9.464950336919905061e-01
-6.940883547367788786e-01,3.472025328215844198e-01
3.205113127643698379e-01,-8.875826562580849677e-01
9.846757804253850610e-01,1.560443637478316825e+00
1.014804817922774077e-01,8.902786933753827903e-01
-1.025583820297525595e+00,6.075222034099372198e-02
1.330064172639142117e-01,1.036781481552741413e+00
-1.702892998241184452e+00,5.825076892055053301e-01
-1.309784313027870573e+00,-9.420188508405149541e-01
4.440865537276960651e-01,-1.707545851995220909e+00
-9.133499371734540295e-01,3.230133999443021708e-01
-2.895556261863900180e-02,1.853835326607486511e+00
1.716836826454485099e+00,1.570140311466585448e-01
1.651328047743754857e+00,6.810577105401026676e-01
1.240453579175441634e+00,1.045671559210499035e+00
-3.012710618801849316e-01,-8.681389197871095531e-01
2.011865785342282220e-01,8.150278509189841092e-01
1.618063887901876052e+00,4.221769139096530066e-01
-3.458693011840290876e-01,-6.778208567942536344e-01
7.652365261804278118e-01,4.999650124732079037e-01
-2.323339487443374929e-01,-1.797197414844039054e+00
1.516930828634017958e+00,7.753592249995688857e-01
1.711346689322551740e+00,-7.260736092866292291e-01
-1.223523165179166705e+00,-1.246679482522832894e+00
-5.429884119487138339e-01,-1.670465500532680281e+00
-1.081391875095351951e+00,-1.552943167746339670e+00
-3.073078252926055853e-01,9.023479081467123963e-01
-1.681685195376650288e+00,-6.480809754339494910e-01
-1.834982237680565786e+00,-3.142831065668963419e-01
4.493634733559989103e-01,-6.689978012404509400e-01
-7.052128579425663568e-02,9.089270728016421996e-01
1.069018531800718153e+00,2.895762391574680517e-01
2.679970133731606752e-01,8.369459451709000408e-01
-2.828100958572390966e-01,1.775964041494810575e+00
-3.121474413724788510e-01,-8.756970255783727008e-01
1.424041975047662723e+00,-1.018344755978987104e+00
-1.572979021507291630e+00,1.040062144471550987e+00
4.434849659052293447e-01,1.743187852313060393e+00
-1.366103349929142841e+00,1.145984761050908629e+00
-9.922204156638101402e-01,3.993420972084943399e-01
7.116278683939962768e-01,-1.563295087127050120e+00
-1.622942128528554351e+00,7.286171667095024951e-01
9.640779028960950736e-01,-1.508453604669451886e+00
2.891893941010267866e-01,7.886894024488844135e-01
8.601543087709351276e-01,2.098760584802131790e-01
-8.878163233170272006e-02,1.739170963403509074e+00
-1.956567845152161089e+00,-4.633083336382377154e-02
1.456360303366481812e-01,-1.575054212804755327e+00
-1.672406724450411053e+00,6.774818137433321619e-01
7.098133212178515672e-01,-3.023907988764287791e-01
1.739651424172117489e+00,1.070484107288420944e-01
-1.527332430886331638e+00,1.179862369818847512e+00
-8.382240787547422523e-01,-5.040197778064375855e-01
1.750527998333898605e+00,4.475679917454625789e-01
1.548936433263136958e-01,9.185831542203786171e-01
9.677772037305323316e-01,2.591635784355687533e-01
-3.604559433515074768e-02,7.369616804385775710e-01
8.843859824325033259e-01,-3.285223832091802576e-01
-1.774373755632986382e+00,1.300581839840743437e-01
-8.099212633250971183e-02,8.391446429363227377e-01
1.624126698229276577e+00,-8.011261660576916022e-01
-4.034621016072245658e-01,-8.441127346799376374e-01
1.545089024853872228e+00,-8.855047278909281561e-01
-4.064197749452118646e-01,1.782675199890027873e+00
-8.241164157034536197e-01,-3.198861323377262811e-01
4.544735384921360088e-01,-6.986227885391295134e-01
2.896062019244262653e-01,7.141864866990329519e-01
-9.783119990404273159e-01,3.571487063211357116e-01
7.729007866072327149e-01,-5.150096281763326678e-01
-1.499124925310247880e+00,7.076784564683656908e-01
1.759592271435284072e+00,3.540084185079596102e-01
-1.547592092651930429e+00,-8.964395868612689000e-01
9.068457920871731970e-01,3.116410210371768352e-01
6.801532875436533399e-01,-3.779033014437131466e-01
-1.517309248237347086e-01,1.816686341775167524e+00
-3.985917037402431640e-01,7.106758696236965545e-01
-1.609323614368912470e+00,-8.464115975704767925e-01
4.234914371760112317e-01,1.483776769731841361e+00
-8.263924370923628748e-01,-1.710797286744898837e+00
5.257065001888392430e-01,-6.997430496337014860e-01
1.179744218282578139e+00,-1.213561024688595502e+00
-1.523758846971694503e+00,9.825208522614409246e-01
-5.490617494597427317e-01,1.536861560202000154e+00
1.761948641586934761e+00,-5.097540716459456611e-01
1.916289756501911024e+00,-2.523650433803048543e-02
6.195760126503717657e-01,-1.699276502905723740e+00
1.414580855001117854e+00,1.113712763833426100e+00
1.529484011872125571e+00,-1.176504825168033230e+00
1.279854222280718101e+00,1.321328800471525788e+00
-1.697290616480885861e+00,-7.379771023772966343e-01
7.839931916527692612e-01,1.739130099639753180e+00
-1.610861895609504657e+00,8.470173156804839953e-01
-7.466160931554493008e-01,-5.207402690507433318e-01
-7.180038001512908385e-01,4.128443318568002507e-01
-1.376858190162600692e+00,-1.114599527515757194e+00
1.865255626567505209e-01,-7.473131236214838324e-01
-6.292663812541745560e-01,1.654158182075815997e+00
-8.255893879752801423e-01,1.459363679871031882e-01
1.386174840711972722e+00,1.007485550807349917e+00
-1.089219969431740598e+00,1.387401078865083681e+00
-1.554376881045814063e+00,1.092526389804304277e+00
-1.673209770554594522e+00,-4.460677746943715882e-01
1.692531929736399654e+00,3.497919727551420666e-01
3.068485922346140260e-01,9.040490306334241222e-01
1.198039374998053130e+00,1.291331581689710850e+00
-2.294253142122434086e-01,6.845814974853012824e-01
1.513206343209670957e-01,1.735421619186308551e+00
8.971656497350721793e-01,1.495973457258655159e+00
-1.368571043610409044e+00,-1.067553799209217447e+00
4.779636854429652471e-01,-1.701456428841560786e+00
-2.451160983218474698e-01,9.046058395858439516e-01
9.398583018477013606e-01,1.362100405890676220e-02
5.991272749357464539e-02,-1.789021600306582638e+00
1.894416885564591535e+00,8.227715257046369635e-02
8.944975973406144032e-01,-1.049647867080286817e-01
-7.875503776570736969e-01,-3.327685959842165975e-01
-1.295710794111930575e+00,-1.195937475191997335e+00
-4.636625743615530038e-01,-7.055941157163108102e-01
6.373400670498393650e-01,5.414636815780824453e-01
7.343020952526340128e-01,-1.544766672415639697e+00
-8.214988681686724581e-01,2.280399703961022706e-01
3.346399474216950054e-01,9.005855399854207910e-01
6.266138439992271492e-01,1.720668982690297222e+00
1.690633837005211193e+00,-3.761580759587118128e-01
1.070286079999464235e+00,-1.503636905699493154e+00
-3.344601862671658377e-01,-1.887257793056529742e+00
-1.397370325454053042e+00,-9.243777050069836854e-01
9.006404061629605939e-01,-1.996598666577235337e-01
-7.596192983370931850e-01,-2.344486827059648892e-01
-1.765579182877250908e+00,-5.175069961681443287e-01
1.042418010950141749e+00,1.362894360879383315e+00
1.617455529665307701e+00,-3.415946423121531406e-01
2.191574671120976037e-01,-8.532461560131511247e-01
5.733660593426845864e-01,-6.788579916221622046e-01
1.652608271291591713e+00,-8.077454805341208743e-01
3.167988883826237667e-01,-1.663572572911105940e+00
5.088063517115835044e-01,7.578079429610552475e-01
-9.061611712388644158e-01,-1.962083766009227181e-01
8.620135916526386888e-01,-1.481600157227706549e-01
-5.523121752683612939e-01,1.851396484294365319e+00
-8.690118550164949163e-01,-1.406042049458883225e-01
-1.959597935737808772e-01,8.651641913007396267e-01
1.655731619452978087e+00,6.666928504732456684e-01
-4.061234018311961624e-01,7.091969954397110421e-01
3.476793198913419314e-01,-7.700168953908328451e-01
1.441503655039558129e+00,7.337405986296199334e-01
-8.705269909083118707e-01,-3.524248902484813928e-01
-2.895093227690329410e-02,-8.629788080532672101e-01
-4.920827162403060839e-01,-1.704679416237305567e+00
-5.763712275823147380e-01,5.369736689999877743e-01
-1.215793086558644820e+00,1.227717022029125804e+00
5.356691235273023377e-01,-3.721905773933060768e-01
1.373030169176550741e+00,-1.176064526929040843e+00
-5.651812020125739355e-01,1.504636349393490224e+00
-1.799348057365912912e-01,7.899374810504340427e-01
-5.673784935828768416e-01,8.284703226922884856e-01
-3.015158241855657728e-01,-9.359310914606800980e-01
-3.762612375596680603e-01,1.626842939445115599e+00
6.792845419223479952e-01,-5.367272184749795061e-01
1.891849593862015233e+00,-4.245160206317859508e-01
-7.823261770599612142e-01,4.667145213265694315e-01
-1.640666888570320392e+00,-1.116247494591154910e+00
1.180917891827117039e+00,-1.057747403856867274e+00
3.716633382471771774e-01,9.151443891192972968e-01
-1.541235279729875618e+00,1.002618801782251712e+00
-6.385255197180284004e-01,-4.515371729083256791e-01
7.491628727842005731e-01,-1.539984773520218120e+00
1.343711016434701311e-01,-8.914558006827941750e-01
-2.021017511007033307e-01,8.857126108116643026e-01
-1.692458599983649670e+00,2.075425413558793508e-01
-6.901744037870102266e-01,-1.657026856547625104e-01
7.094917822067930979e-01,-6.387646835922730082e-01
1.046818342486572684e+00,-6.999537538949222870e-02
6.665118783467867125e-01,-3.758405729220234970e-01
9.346439680660010296e-01,-5.593790755441462315e-01
-5.416159498914462356e-01,7.027488988342572851e-01
-6.676447253865718245e-01,-1.736249782927660412e+00
-9.575385170368528875e-01,-1.977067856923603872e-01
5.398613209919673334e-02,1.702882029245819551e+00
-1.489885644416592214e+00,1.114850019541636428e+00
5.898337600138586767e-01,-7.410027492394716253e-01
3.536231722176081393e-01,-7.452001550038290789e-01
7.483961033701510557e-01,-3.932189639413894433e-01
4.341437883872581449e-01,-8.576245764608414479e-01
-2.937102334833161521e-01,8.010938337924733421e-01
-6.371949408599317799e-01,5.657756911636108166e-01
1.715815042314432270e+00,-9.500449515414687296e-01
-3.881189594389364284e-01,7.142640804957683942e-01
-3.273193445506639154e-01,-1.728144650741227029e+00
-8.702096758708776081e-01,3.076233413168573405e-03
-1.783719417648203631e+00,5.115787402756623026e-01
-4.623600510099342698e-01,-6.220867356293747763e-01
1.788575087595393631e+00,-1.484258522032793348e-01
1.606520660234977305e+00,7.149612465847424714e-01
-5.245302247581110078e-02,-1.805398445965624932e+00
-9.131351374228549034e-01,-5.921946641540198897e-02
-4.224430149623913389e-01,1.812824417771127017e+00
-4.533346216290273789e-02,8.953071760347115493e-01
-3.182862351196467654e-01,7.960959192472583101e-01
8.180388850669175760e-01,-1.937703968755248585e-01
-1.367009965224487589e+00,-1.108358317189235720e+00
8.679123046192328550e-01,-1.535206811095668256e+00
1.299034910523690467e+00,-1.184610793747993940e+00
-1.601913945156973718e+00,7.717468330607504257e-01
6.319291145156040734e-01,1.620289201959160597e+00
8.827041001967552702e-01,-1.544993805711803336e+00
-1.210793748763892674e+00,-1.425530826343167856e+00
1.753814060988659884e+00,6.242447131664334847e-01
-7.459626717851730593e-01,4.125507737705507161e-01
-9.556639586988820989e-01,1.540451568556506778e-01
-1.851624050884443706e+00,2.481281638866265904e-01
8.397691230718170585e-01,2.091026138367104714e-01
-1.354962737910516912e+00,-1.132184641509778489e+00
5.334626013592876914e-01,8.222191281755818482e-01
1.548278474188318654e+00,-8.814941359446367697e-01
-1.586343946249588521e+00,-6.714254205256604546e-01
-8.258465707399790245e-01,-4.692077992270119458e-01
1.757140252489625409e-01,8.678592364340327325e-01
-7.512585530743798312e-01,-3.827044129291679586e-01
1.689898803587755793e+00,9.226605343849869634e-01
-6.111351120344193921e-01,1.654877726353159773e+00
-1.549983953916287405e+00,7.118505692656319495e-01
7.181275652763082773e-01,5.260437221641923733e-01
-9.166647854866416534e-01,-4.128338219243291030e-01
9.771429407271765566e-01,-1.935842408519502233e-01
1.618720408768725028e+00,8.778224974959812910e-01
-1.966160981596338231e-01,8.901193196117104245e-01
-1.587718714151235277e-01,-1.822799099411024359e+00
-5.198772600184269344e-01,-1.665168081523178856e+00
-7.046645166061498156e-01,4.592626527639633305e-01
-5.145503295220527074e-01,4.532982568516160660e-01
-1.807301327229227539e+00,-6.775677014296788148e-02
6.437376154326595046e-01,5.269794279517873159e-01
-5.319239454538990941e-01,-4.129223878929543234e-01
1.544518454185050071e+00,4.950425377402402072e-01
-1.180317727232316205e+00,1.452640136577183272e+00
-3.457510938281184165e-01,9.736272061555021340e-01
7.264757330988534934e-01,-5.292495147960196711e-01
1.080757018170782846e+00,1.542184688578087215e+00
3.865618084188579551e-01,-7.699695620510572658e-01
-9.289038247150886995e-01,3.143045799812732577e-01
-1.495270016046981176e+00,-9.406786921994726436e-01
9.725101647139812178e-01,1.527612451780479885e+00
-1.345542804337184206e-01,1.978764730116766346e+00
-6.359444099384289339e-01,6.979872679225210819e-01
3.184027278344998546e-01,-9.213914243841022644e-01
-7.417446822993029043e-01,4.120302882041856352e-01
-7.164958063454957005e-01,5.395525263486343759e-01
8.527807976634416143e-02,-7.675341917162648020e-01
8.045528674883083153e-02,-1.729241136565497605e+00
3.096484070328863747e-01,-8.921638306522490236e-01
7.370010407850603462e-01,3.678187322864359676e-01
-3.213449926882122609e-01,-9.455078590005192574e-01
-8.802308587519328542e-01,-1.682896198386816478e+00
-1.505947096001033936e+00,8.451679194561877162e-02
4.527188350504662284e-01,-7.550982666328315274e-01
-3.137156757915923189e-01,-8.760923875467134803e-01
-4.494083066061760889e-01,-8.074010238537615569e-01
6.204164771701150549e-01,-6.015698050824437315e-01
-7.668322688316270286e-01,-1.499327495729375403e+00
8.127877260930364001e-01,5.150522447817064142e-01
4.038824565360080165e-01,-1.669899094447659715e+00
1.490118318450069701e+00,6.437879260139682813e-01
-9.244936901150885289e-02,-7.710987728296274657e-01
-2.707132738859077681e-01,-1.634697458906398060e+00
1.333317424257055572e+00,1.316967702728232492e+00
4.543206543436019151e-01,7.457540078268051209e-01
-7.977857083174030306e-01,-5.204030071966748716e-01
-2.601008903999234012e-01,-8.755763295246827838e-01
1.600884884227061544e+00,6.845646245677082797e-01
-5.348055376953745332e-01,6.437408727610146597e-01
1.399997018873493371e+00,1.084370369743305362e+00
-1.082814335721165255e+00,-1.387605227937352081e+00
1.859502206832870375e-01,-8.868679579581738581e-01
1.805148538798683422e+00,-1.496299104353383813e-01
2.391859897626573417e-01,-8.628906131874786167e-01
-7.729666850687055835e-01,1.513875069784966110e+00
1.454000021502989348e+00,-1.001498753070826142e+00
1.703772548499960848e+00,-3.802932394194569743e-01
3.936236162036813591e-01,-1.752885369489445067e+00
2.270450191936076653e-02,1.776930495587548897e+00
3.777317222904217897e-01,1.693183487825344669e+00
3.265727176113236152e-01,-7.320116073307072480e-01
-1.502939881218755325e+00,7.116516941933055396e-01
1.740496734518633515e+00,1.598292545798798148e-01
-3.281285028258935088e-01,-1.657375373870942470e+00
5.473334692923750300e-01,-6.257339021912028398e-01
-1.112149574880928471e+00,-1.488543021870547323e+00
3.479437718881082942e-02,-1.800808285591482205e+00
-8.518926807495239562e-01,-1.394516843559759356e-01
-1.750556145973703792e+00,-1.663633219989050227e-01
3.903486844895882601e-01,8.605594677405580262e-01
-6.293257114525672158e-01,-6.316346603490398115e-01
5.673572315754464856e-01,-4.220059753423709425e-01
7.486335387803203512e-01,5.840931515156007059e-01
-9.818593973496660965e-01,9.685755488201910901e-02
9.075300655842355457e-01,-5.278869309227754991e-01
1.295858230697851443e+00,-1.341478051483414147e+00
-1.590200539675436509e-01,-8.133265066129652388e-01
1.868851897205964008e+00,1.657258743608847236e-03
-3.855357292285743753e-01,8.146576131838539903e-01
-9.091367166178593306e-01,1.017662945098492394e-01
9.114605787169048901e-01,-1.586210941929004914e+00
2.097755102568194807e-01,9.401834958735579839e-01
-6.805895356151354658e-01,4.073510513583823434e-01
8.544406368306137756e-01,-2.181073260367741573e-01
-7.585222725383211628e-01,4.178433757695597106e-01
8.118687184972693816e-01,-1.563831614517498636e+00
-7.890030004666758190e-01,2.623197013820536827e-01
2.922699043869790292e-01,6.843165253134978476e-01
1.017257230152581071e+00,1.535069595645054130e-01
-1.762875952692441128e+00,-8.537718671818147476e-01
-6.933003592996817011e-01,-1.635129332454019702e+00
-2.274447214397481709e-01,7.627305280582011848e-01
-3.566435850845095512e-01,-9.385851325873063589e-01
-1.850787119756367227e+00,-3.493293748654185404e-01
-9.195889433536036384e-02,-8.296199211927091088e-01
-7.657131345656726928e-01,-8.343116049230135667e-02
-8.514689616684201212e-01,-2.460604915724984298e-01
7.620792952965347311e-01,3.865244937958327576e-01
8.844794754310201235e-01,3.432617276253029925e-01
7.412611037680651993e-01,-4.693450715664913564e-01
1.497121247237078290e+00,-8.827411730996191919e-01
1.341041206091415638e+00,-1.230124428119589997e+00
-8.861681417298603591e-01,-1.944616856838334296e-01
4.190059696748369977e-01,7.643508727435185390e-01
2.772219337171340503e-01,-7.125748658311081840e-01
1.012509807544966334e+00,-1.357098577983187671e+00
-9.078729842026515007e-01,1.441214631464328377e+00
1.786647038070494853e+00,-5.293479512980965307e-01
1.492210431468297793e+00,-1.139713932596563728e+00
7.809605162738952888e-01,6.274645320487189926e-01
-1.387039086660895704e+00,-8.753759952555125734e-01
6.205049652772172131e-01,9.112207438815269622e-01
-8.533772502330974064e-01,1.540170344427441940e+00
-1.735712782092382334e+00,-6.596950401726684454e-01
-7.163410962451690622e-01,-3.383786061158703951e-01
-9.757573387731351966e-01,1.618410337185818504e+00
-7.751310186702946581e-01,2.982725315985043646e-01
1.310188664122685920e-01,-9.005856149502068364e-01
-1.079078287369908962e+00,-1.548313758000702478e+00
3.715766497475744834e-01,-8.443662380082127550e-01
-1.568658965309643438e+00,-7.176015892762189763e-01
-7.470308158042444635e-01,-6.501289251091341148e-01
7.455725852150233424e-01,-3.310737355378183255e-01
-5.278582251214229970e-01,6.892619147575727023e-01
8.671348821169100329e-02,-7.783551318700151489e-01
-6.789999149259982048e-01,-4.482263987163874197e-01
-8.819250688669121041e-02,-1.073443644398885066e+00
-7.526310078543874127e-01,-2.331437334447275522e-01
-6.764630386344122615e-02,6.905251046265418191e-01
-5.389728324464778675e-01,-1.508537237686268240e+00
-5.759158663515038246e-01,6.680675693544110283e-01
-3.222783106374085826e-02,-1.778454054386047867e+00
1.075915152464858249e+00,-1.417095786788050926e+00
1.242580883664552660e+00,-1.325208299486186680e+00
-7.346641202769803591e-01,6.451560589649107946e-01
-1.426845555827304934e-01,1.044582813604042260e+00
8.553828169612178733e-01,-3.219851302458658360e-01
-1.761439159929695242e+00,-6.924798167625455525e-01
-3.447311374575624116e-02,1.723946507047001475e+00
-7.133317669728087562e-01,1.628925589320606493e+00
-1.470548944902211157e-02,-7.314141646180420953e-01
1.142342845597808382e-01,-9.194457355025661416e-01
8.015962837949792696e-01,-3.978497337387262300e-01
-8.760227047873603290e-01,2.487405051470946149e-01
4.349693271975909603e-01,8.281075492886341705e-01
1.534452722385144074e+00,7.950303036662356160e-01
3.612196874422282100e-01,-8.905667386078376380e-01
1.395348371549620659e-02,-9.190625439566229016e-01
1.172771978298337681e+00,-1.304120473131044511e+00
7.317263026000047077e-01,5.350950815599093691e-01
-8.318148923318384458e-02,7.889998577365026078e-01
7.966134461534446487e-01,4.139746716200182197e-02
2.372360205536721278e-01,-1.737101994075472833e+00
1.334367241313676677e+00,1.166752625387267317e+00
-1.371898047526945996e+00,-1.193941392381539179e+00
-7.634997391022946278e-01,-4.440300786306610736e-01
-8.005173039969044613e-01,2.889520471595140583e-01
1.611271442494877082e+00,6.416952279819062577e-01
-4.690290706636576212e-01,-6.743323894894086568e-01
-6.835517163337245794e-01,1.347043337815819086e+00
8.403552963082623339e-01,-2.796558784985913593e-01
-1.312025407964718005e+00,1.121338274772045729e+00
1.648938461431367575e+00,-8.492929579384144168e-01
1.553827648807337924e+00,-8.412498923585403077e-01
-1.163558051631135903e+00,1.259884399159039381e+00
3.547908578405246233e-02,7.774945393841357077e-01
-1.262691699789641742e-01,-1.746535865373856744e+00
-1.758827008626665522e+00,-2.793929019238405864e-01
-1.203418978349178659e+00,1.350676938697410900e+00
-7.395060569076591372e-01,2.869058095796906960e-01
-9.409377651596404490e-01,-1.349342111986426174e+00
1.031453880487994690e+00,-1.201798348463670452e-01
-9.686881522035752923e-01,-2.315038569149570694e-02
1.158724954502470927e+00,-1.344010139609495447e+00
-1.265050379220224785e+00,1.276784726554075489e+00
-7.140890094630645279e-01,6.710262458516790263e-01
5.420201787671948823e-01,7.330950307957793122e-01
-1.766982348189150454e+00,-2.116049247201400030e-01
-1.183379704456873682e+00,1.367090243467540711e+00
-1.741752927874214762e+00,-5.961705796854308570e-01
-1.073485391101539344e-01,-9.768260896069012045e-01
-1.655543397692522234e+00,4.247285010014954509e-01
-1.277608999859676464e+00,-1.145930823817608024e+00
-1.897690975365994737e+00,2.588317722506287555e-01
8.918774907676897401e-01,-1.665003068045776691e-01
7.797314720742909433e-01,8.164175316264962179e-01
-2.605005355107615217e-01,-1.813133944578652290e+00
-1.489730302910757143e+00,7.439656654839732486e-01
-9.626615727000885636e-01,-2.310878070290047770e-01
-8.597252953018827415e-02,1.766166620453111014e+00
9.773283424236581807e-01,1.075519631053091368e-01
-2.724145941731109244e-01,8.631348300505639060e-01
1.577627478272054740e+00,9.861948777230613583e-01
-9.398200405969751037e-01,-1.605069285494533871e+00
1.680029822188827460e+00,1.428553967969228844e-01
2.846033434214901847e-01,8.436801383554172196e-01
-7.706316836590307862e-01,-1.552409959453087351e+00
-7.514343656179982567e-01,-5.072914210165597737e-01
1.721962511461294199e+00,-5.633235773744251773e-01
1.616419260031026484e-01,-9.105801807663496117e-01
1.512160582395810193e+00,7.539557517075774484e-01
-5.787155088974185180e-01,6.958377272954578974e-01
6.429216764058780509e-01,-6.102054766084560322e-01
-1.619483939858830768e+00,-5.933531301564799465e-01
-3.081918420675434089e-01,-1.791005015706991221e+00
-2.012082820782780113e-01,1.808873757976711127e+00
-1.602538328143761737e+00,6.677810685512282074e-01
-1.054975271508177936e+00,-1.389403276962311695e+00
6.158499857430458357e-01,6.498440842546041596e-01
-2.849038547638689245e-01,-6.940183386903496787e-01
-5.545649353782327040e-01,-1.673718959465575251e+00
8.276701643902407701e-01,-3.679733319551669046e-01
-1.820621949722065924e+00,-6.000653742247941125e-01
7.299028891986757417e-01,-1.710535918374957998e+00
-5.551364132351389591e-01,6.190323653764570055e-01
5.007442861164390635e-01,-1.725991021366327205e+00
-1.636210667924952178e-01,-1.848632633614101017e+00
7.977104745542450415e-01,3.294647404432111681e-01
-1.215895574936933121e+00,-1.390715665797092937e+00
-6.452762437373127380e-01,-6.484031106574756897e-01
7.999108182750503948e-01,1.476437910043556956e+00
1.848967535306099252e+00,2.251652299707040950e-01
-9.019783593650887443e-01,3.406597016186427851e-01
4.866829129575571122e-01,-5.199127436200293717e-01
-1.213476673277597895e+00,-1.279419918796183220e+00
-1.451724220366492311e-02,-1.827402127450321823e+00
-4.732315353913951750e-01,5.873471064587656443e-01
8.517356638509618882e-01,5.144884384161956259e-01
-5.397069525176415583e-01,-7.040918410632908131e-01
1.254460309920127692e+00,1.303051502436263442e+00
1.469187835644780060e+00,8.699023346455039274e-01
-9.865100176522006992e-01,-2.857625241037094546e-02
-9.736528319761784955e-02,9.066961461272290412e-01
-1.764685429681295048e+00,-3.202378715924875663e-01
3.124472884754401214e-01,1.595718367836120422e+00
-5.905352543335324889e-01,6.660436967414863352e-01
3.107080808265873517e-01,-9.454568125606654938e-01
-1.781051898035690417e+00,4.193048653917916813e-01
-1.213560171746724987e-02,1.994329572193173084e+00
-8.612931338431265571e-01,-3.151956035383799981e-01
-1.854701720385681485e+00,1.608108103914167308e-01
1.160494437060524353e+00,1.582466213966262192e+00
1.330216100459056250e+00,-7.366510510150341418e-01
-8.735739672403720624e-01,1.451686062606451166e+00
-2.441269903197579305e-01,1.019070312522167621e+00
-1.613611510119238091e+00,7.716654564487419599e-01
-1.624095564934749658e-01,7.578815353308688829e-01
-1.845135079442136394e+00,-1.962204619425917396e-01
-1.906619084161054634e+00,3.766007408496688802e-01
-1.131945703347843279e+00,1.439075132563977455e+00
-1.690080475534314619e+00,2.558976566160910404e-01
-8.424687511749295865e-01,-2.960272044974037176e-01
-7.855977726561479413e-01,6.034010638607661958e-01
5.245576431628903302e-01,-6.647897240571537525e-01
1.667721104736470616e+00,-4.411063883645471861e-01
7.837864009885956440e-01,-6.133078591799975277e-01
1.832239796209324423e+00,1.500848429068503964e-01
1.515759816187955078e+00,7.325201671945654747e-01
6.885710508015581155e-01,-5.573733753532216229e-01
-6.312462262929443568e-01,-9.017857366995291057e-01
8.940216391182004285e-01,3.710223365578019239e-01
-1.773716373166843496e+00,1.695991871792960348e-01
8.597254168625600990e-01,3.005065942900357334e-01
9.576395707106942767e-01,-2.395723923387087506e-01
3.512358264702896138e-01,-8.346449354066131088e-01
1.670667818289980344e+00,-2.377698019257930007e-01
1.340209408910756128e+00,-1.195139315240602018e+00
1.249952995616481655e+00,1.265688404188326510e+00
-6.614236569390203879e-01,-7.387248155093639745e-01
4.320051543778691966e-02,-8.573799506986536922e-01
-7.242607518864292715e-02,1.796196252180566555e+00
1.470498515469771672e-01,1.823374059502064215e+00
1.462823974688650941e-01,-8.852792345603325286e-01
8.090978579938965520e-01,-4.009656541569295296e-01
1.645490590083820370e+00,-5.419078759051250138e-01
7.389621474919708666e-01,3.734462362450224893e-01
-3.609593351098449587e-01,-1.741388347805144843e+00
1.775731714064267885e+00,-1.603506353061641687e-01
1.419496626069566059e+00,1.092348323432848156e+00
-8.604917029206218260e-01,2.220785649105990189e-01
-1.637393964749495279e+00,-4.430474097604737982e-01
-1.287303083802967762e+00,1.468422410827078028e+00
3.895023544044923236e-01,-1.717504162822112157e+00
-1.573287012981812616e+00,-1.876746923935627975e-01
1.090286065026260520e-01,-8.279448452377302647e-01
8.198903820119544106e-01,1.654899748287008254e+00
-1.168510228512895655e+00,1.439501311865558852e+00
8.349277605956175741e-01,2.459933000669496383e-01
-4.941943073563014877e-01,-7.053423333242823112e-01
1.311223080098929517e+00,1.291269351209593630e+00
6.701532478180557417e-01,3.392030668556935136e-01
3.452645202766393973e-01,-6.306443603854097191e-01
-1.874284512295217864e-01,7.679251101498199006e-01
-9.512662876417233848e-01,-4.969790953937734401e-01
9.326847497453162328e-01,6.910158117755920912e-03
-1.346872680706041603e+00,1.186571665960379551e+00
-1.138721283008589991e+00,1.433594629873629733e+00
8.446552710131904895e-01,-2.276918654887130911e-01
1.593489390188143950e+00,-9.110009412442586774e-01
-3.943029326414964619e-01,-8.058148259879290842e-01
9.294691893763683543e-01,-1.600030714628069561e-01
-1.434961156821813244e+00,-6.147312309982180256e-01
1.487909803836981182e-01,8.360444516639015111e-01
-1.713439275792511429e+00,2.437192281437557950e-01
6.419896921219665487e-01,-1.604463051888560532e+00
-8.559826655297767539e-01,1.732755080400728565e+00
1.479179971663999726e-01,-8.825465980717736025e-01
1.735134396561194947e+00,-5.778085168656067472e-01
-2.732830726809197253e-01,-9.898319048251096319e-01
-1.992948699905100485e-01,9.360610217233171770e-01
-7.684814644327687683e-01,5.988437054381532398e-01
7.618925414410511188e-01,3.577443375646289225e-01
-1.690235486268787835e+00,-2.734456825132620603e-02
-1.105770133408292555e+00,-1.030574219379529310e+00
1.187796825369830334e+00,1.451223600163936478e+00
-6.623639637305116512e-01,-7.685069580815655499e-01
-3.162384181881067735e-01,-8.249701977319785495e-01
1.420861527276199965e+00,-8.354241802843744846e-01
-8.152694672253828490e-01,-3.495423434663465501e-01
-8.379843821292105588e-01,-1.654599821285371197e+00
1.246863879159591404e+00,-1.280696355807106057e+00
-8.646265532107919594e-01,1.130858674783643963e-01
-1.360206020294194573e-01,-9.189981473449015947e-01
4.467749113478199918e-01,6.777013321836223847e-01
1.330904569069201460e-01,1.016994039913520442e+00
-1.734255345971347895e+00,1.313352843937442005e-01
9.130076175573100805e-01,-2.683361787586472508e-02
-1.812675847995944167e+00,-2.186840097706934105e-01
-3.214598292533323298e-01,1.866463524275845387e+00
1.583536644431736251e+00,8.905495192938575055e-01
-5.787842083574087360e-01,-8.298968981565895131e-01
6.898508166516974516e-01,6.610270415672792055e-01
-1.197510797995798848e+00,1.306276171685604615e+00
-9.998533290659127049e-02,-8.633587629016118425e-01
8.858351142294638159e-01,1.329849996094466802e-01
-8.240266175851901354e-01,-2.032484231760197380e-01
-6.895569105685565026e-01,6.748146893616624453e-01
8.262139149152257778e-01,3.787460257837884092e-01
-3.887182328613332793e-01,-1.628875979881654112e+00
-1.290327208777738877e+00,-1.361102583967572555e+00
-8.326476866973686608e-01,-3.746304404231589613e-01
-2.777224370966501765e-01,-8.018509774804264412e-01
3.275988021666255134e-01,-6.648669316050822564e-01
-6.008533121557759760e-01,-8.548347780840781507e-01
7.689120448876272940e-02,1.872794253052729285e+00
8.666559106931962519e-01,9.364238680145513249e-02
1.812218083802861646e+00,-1.621609760543598136e-02
1.935187837941380190e-02,-9.827614867359696360e-01
-1.637503197724850645e+00,9.134531705056182505e-01
-3.965501025478096464e-01,1.847744044103642347e+00
-1.492978593994373215e-01,9.145164316109373193e-01
3.097638448622020979e-01,-6.775976541559269872e-01
-1.493083581761152911e-01,9.130843384535458629e-01
-4.563382875371102543e-01,9.082673602671437196e-01
-4.601703964423873305e-01,-1.772425309907331714e+00
-9.554451413532275561e-01,1.616713061939743401e+00
1.712985284120084328e+00,5.959286528425410401e-01
1.269566503961874870e+00,-1.192598506940714786e+00
-8.170235038965721897e-01,-2.117146852529127043e-01
-6.638602664379672502e-01,1.507649096223719010e+00
3.154531678923295779e-01,9.105890059255291602e-01
-2.254322013789094581e-01,8.607799320952153055e-01
-3.757641312868182371e-01,8.572496049355547987e-01
4.546329333556722169e-02,-8.409176736265880914e-01
-2.470315061088982911e-01,7.514649079663983100e-01
-9.931363574293980978e-01,1.433453259586368489e+00
1.219441343660813137e+00,1.305441909805920231e+00
1.679597263088608905e+00,2.944880338257644947e-01
7.545638852182611211e-01,-2.493718824547863366e-01
4.621557568937599836e-01,7.223363742647626040e-01
7.013976432983087816e-01,5.525540414979935866e-01
-6.323793057556723607e-01,6.034674558134629496e-01
4.303989036474605845e-01,7.226915953303796325e-01
8.689381996991896173e-01,-3.629060014497759168e-01
-7.219429574472714661e-02,-1.743414002211585601e+00
-4.959810555513323171e-01,5.901089512511666912e-01
-8.067756403362297268e-01,-3.315974544414536096e-01
-5.981535250527952874e-01,-1.758859468832726369e+00
9.689312256779224475e-01,-1.593047054503243576e+00
-1.013645015162254470e+00,-1.400625994417397546e+00
7.658516141015513368e-01,-4.422705166544457223e-01
-5.295522629047121344e-01,7.907813633940867781e-01
1.744692248416277902e+00,-2.426044162351127520e-01
8.811659621071288306e-01,1.543772658982355273e-01
8.363047374950118851e-01,-1.440434125778956576e-01
-9.474194780534473947e-01,1.368408470545646738e-01
-1.644495286201116180e+00,2.838886128636533557e-02
1.791566655178186696e-02,7.551895555039677133e-01
-5.360367230250003834e-01,1.535434217312522831e+00
-1.741108078301261353e+00,-6.029569918613474355e-01
-2.491979242675576023e-01,1.681394379819228568e+00
1.289336758109552283e+00,1.034460607561830559e+00
-1.149250749177868069e-01,1.853294314170369717e+00
-1.036011428994872308e+00,-1.428020876318029986e+00
7.657466260551618609e-01,2.967479534741557790e-01
6.334414758794575384e-01,1.915186888994986125e+00
7.155183343938162910e-01,1.909637424032791519e-01
-1.604943138447959328e+00,8.625553995504582350e-01
-5.439913418533213196e-01,-6.586056605576123824e-01
3.929787233815365544e-01,5.782478370652704980e-01
-1.397385805420371385e+00,-1.113282661598877343e+00
6.565262251554032646e-01,1.566210104570195716e+00
-4.535306113334502953e-01,-7.339603018330407291e-01
-6.392430029531657176e-01,-3.170353810655734961e-01
-6.662476097364359306e-01,-3.541041154583008388e-01
-7.260174108717077912e-01,6.356510664662059495e-01
-2.744156276781722359e-01,-9.622454493748076043e-01
1.816774367518324773e+00,-1.107906056887203033e-01
6.154691224527161220e-01,-1.851010767200048646e+00
5.510266052916095170e-01,6.887912369515519773e-01
-1.597736646037504760e-01,-9.087557190198491952e-01
1.372282205994949988e+00,1.137502988087161659e+00
5.205482563863995660e-01,1.922743234847219762e+00
-9.178089441161728645e-01,2.664804365236421724e-01
-8.851875362104074663e-01,-3.663918266247779276e-01
-6.408560696255306555e-01,-6.320046326835349060e-01
7.964084805198649031e-01,1.661537278271210116e+00
-8.282344749147867446e-01,3.161253268527692284e-01
9.388918530622372138e-01,8.680302798631958638e-02
-1.711887563452166194e+00,-2.749919901953541967e-01
6.246577129363299896e-01,1.520615221350682944e+00
-1.489793791825714253e-01,8.372168796839033478e-01
-1.612556690804443082e+00,-6.763632508951756828e-01
-5.086617149249641479e-01,4.525332834723919118e-01
1.394371826265312052e-02,8.797029568912378972e-01
-1.910274153745824544e+00,-4.194331924200315198e-01
9.666291039789008943e-01,1.274229680349008020e-01
7.162447000575982159e-01,-5.707499859361333527e-01
4.383045689059088534e-01,9.700754122369481536e-01
7.290799194511690673e-02,9.276279351906414616e-01
-1.608192416777397549e+00,2.974789296842225705e-01
1.204244182593851242e+00,1.405368168203122048e+00
8.843949789163032538e-01,-1.455348274965740263e+00
2.267538394288948489e-01,-1.699186230248258322e+00
1.797243808863115744e+00,5.466002273675090173e-01
-1.180726108773576311e+00,-1.389012460964001328e+00
5.924553720943770418e-01,1.659625387094413096e+00
5.478864411189254824e-01,-8.668776994884180853e-01
5.001274418002734645e-01,1.686173014022995797e+00
-9.937087842272987470e-02,-1.923583618186896382e+00
4.306676345288666385e-01,8.497501486000873516e-01
1.675289171572518776e-01,1.024766197196415485e+00
-7.054939448977015637e-01,-1.600249039820016428e+00
-7.637339233295028507e-01,3.045445552664061695e-01
-4.929226760289209253e-01,-8.402632436040384789e-01
-7.191815020741293418e-01,1.635797941699560498e+00
-4.992513785038490415e-01,8.269301046828714252e-01
-7.398130127755927488e-01,1.645494014529869986e+00
8.563332064646632380e-02,-8.389514243716829078e-01
-1.005528983861125880e+00,-6.298009721513767034e-02
-5.735130345590661038e-01,8.109768314728716954e-01
1.306121701336499852e+00,-1.374714939994186924e+00
4.730946550240452408e-01,-1.909918981981217678e+00
1.773418478179346336e-01,8.961058654502959131e-01
-8.964120626197086272e-01,-3.472789319200563218e-01
1.446263288635751598e+00,9.187329054075410451e-01
5.991154290183801079e-01,-7.618269310770759972e-01
9.494840961787742728e-02,1.703688976688630730e+00
-5.713973773283602675e-01,1.644580131200525930e+00
2.799486119158513253e-03,1.629047631176847588e+00
-6.602604981092803360e-01,-6.830659130913229182e-01
-2.142493047272171491e-01,8.482817094731804897e-01
-3.347622456664998691e-01,8.491690892027730087e-01
-5.826720306605284172e-01,-1.830731324001459548e+00
1.545863180169631201e+00,-1.104073533626173109e+00
1.618109645792987772e-01,7.501686599936219224e-01
-6.604609030394658076e-01,5.277135005380331201e-01
-8.628539832483437255e-01,3.973625434428570413e-01
7.954177211540098824e-01,2.244428159125574362e-01
-1.727390646872656088e+00,-4.569403317347273813e-02
-3.098717938041793407e-01,-8.080484531030505124e-01
5.403912824512092650e-01,-8.982510127125684640e-01
-1.734020264327573280e+00,6.173152587797511304e-01
5.683425575402811791e-01,7.128556386340707540e-01
-9.959071059311492835e-01,1.510275669119717445e+00
1.755793628375876381e+00,1.273262796072426126e-04
-9.856397847297146964e-01,1.630919633566937588e+00
9.202183628167116547e-01,9.789335200697929507e-02
1.657980757146041872e+00,6.463002512135144206e-01
8.863852491189175842e-01,-1.122456074857483277e-01
-1.386887124398528959e-01,-1.814338592255113403e+00
9.385419606930225367e-01,1.571703911624053429e+00
1.039306652492337335e+00,2.211989765503471761e-01
1.120850387823673522e+00,-1.210537098969728387e+00
-6.171887992330323813e-01,5.935726415782512921e-01
1.605684981809738288e+00,-6.652522767631735556e-01
1.253833926319675385e+00,1.204037407908033153e+00
-9.317647413939983414e-01,1.087660419139908213e-01
-1.075438412315992132e+00,-1.433714030407373441e+00
7.120671205410157301e-01,-1.514081292356558028e-01
5.850394287418149430e-02,8.489741169863970205e-01
1.430046485417103996e+00,-1.054529161232719225e+00
1.761215228608330907e+00,2.970937729038614639e-01
-6.948499126099526579e-01,1.598832971898513700e+00
1.843833283369799236e+00,8.045797249771183823e-01
3.442601482726692641e-01,1.550297562841526533e+00
-1.377935516705492303e+00,-9.266758307195054334e-01
1.795993541361331047e+00,-2.078675950760386359e-01
8.240506844931890784e-01,5.166764750666335004e-01
-2.764986960793183735e-01,-9.719539840986624046e-01
-8.686980097485011987e-01,2.130776122455498300e-01
6.720983820121587682e-01,5.541681219093839150e-01
-1.440867986335656159e+00,1.127112175070925426e+00
-5.720043045509373147e-01,7.355910817808029023e-01
9.161846347067671703e-02,1.859075361356750111e+00
1.698154611829952421e+00,-7.514147528089343275e-01
1.251952843329863230e+00,-1.326817814872339962e+00
2.005894287934701647e-01,-9.544676268060692248e-01
-1.357449928280155982e+00,1.248515566565198576e+00
8.773788618785430815e-01,-2.151808656706833134e-01
-2.287700709619602257e-01,-7.441120039406453612e-01
9.178814298797741689e-01,8.810864405408068423e-02
-6.361091117504416581e-02,-8.708795264599761277e-01
-5.464322111429861240e-01,-8.702210471123945634e-01
-9.323313671614795461e-02,8.489525317113357783e-01
1.330114780885698567e+00,-1.183661029976360135e+00
5.342315898740287450e-01,-6.726978001105052840e-01
9.822073101565022002e-01,3.564545081480366973e-01
-2.978000604088809067e-01,1.632448137794975551e+00
-1.825015052782654745e+00,5.359611238782185927e-01
-1.479465008549165406e+00,1.084685541104754458e+00
-3.357131722157876141e-01,1.733667932416039337e+00
8.021583414730393269e-01,-1.511236327179106553e-01
-1.371243526967084403e+00,1.135239563910620975e+00
-1.829871802524141611e+00,-1.071383784462973388e-01
3.012857312851555114e-01,1.682200135000076147e+00
-1.603791671995676849e+00,-6.453368627415922987e-01
-5.951101638831391982e-01,1.726574502933264199e+00
7.004962895014296143e-01,-1.602401383530303036e+00
1.865407162697236831e+00,4.071891014198528724e-01
-6.561422631293852836e-01,-1.496212726665157700e+00
-9.018479825214399392e-01,5.947735758704249948e-02
1.393532280237747223e+00,9.517854884771341784e-01
1.214198205949798659e+00,1.267441788969448258e+00
-7.849363567127917163e-01,-2.208544469442110247e-01
-1.709442513337136926e+00,-2.168052723529574066e-01
6.326093370498321322e-01,6.787967592752230939e-01
1.840834788018013146e+00,-6.217275580616615782e-02
-1.799312358153576596e+00,4.189198838667319846e-02
-9.275300594726245684e-01,1.379579332520554757e+00
-3.923120446876520728e-01,-6.632551838636496777e-01
-3.481517790119406652e-01,7.721752936669112888e-01
-1.439200978476135928e+00,1.074101124970056498e+00
9.050038480208574820e-02,-8.255352434159958230e-01
7.717349905805520605e-01,-5.658329070559535712e-01
-1.766340442570141667e+00,-6.154805320385693390e-01
8.233956810003394411e-01,-3.736053066207454254e-01
1.099037837283102503e-01,8.603786475174071136e-01
1.758061032495089604e+00,5.939425333495893522e-01
-3.445147498036350564e-01,1.781551321932990373e+00
-3.957479558273463982e-01,-1.679544701426158415e+00
3.925176110429132725e-01,-8.746996364378937239e-01
-1.079820649254143783e+00,-1.566821158018850024e+00
4.248859736130685127e-01,-1.669137942972235944e+00
1.251275510655227796e+00,1.149267471366029358e+00
-8.019626820827614466e-01,-1.562812693128636576e+00
-1.213557191160937521e+00,1.260303884206058100e+00
-5.778194183331136768e-01,-5.971456750247354783e-01
5.182747927184657710e-01,5.892383635123015218e-01
1.433447858971324873e+00,9.872860395889693219e-01
6.210713557842747340e-02,-1.666972211087158540e+00
1.690594791211598724e-01,1.812694194226996514e+00
-8.248672710834271671e-01,5.975785138662505214e-02
6.687026871771468706e-01,-7.051060332708281031e-01
-8.895174862693289164e-01,-1.547339269516570193e+00
1.008907109314704176e+00,1.379002546741101121e+00
-1.349697252111097479e+00,1.058452870186606498e+00
1.523521146596914733e+00,1.109095841030245611e+00
1.573533369613820954e+00,6.599007598811327258e-01
-9.286622896013113637e-01,1.140534989232374202e-01
9.218415789306744212e-01,1.804319036467793014e-01
8.036832385632498577e-01,1.574892057981593374e-01
-3.727993396790987291e-01,-6.652333025332629601e-01
-5.568352679402198691e-01,4.992978987554223536e-01
7.207501031976022432e-01,-6.350958497241672163e-01
-1.739919336220042911e+00,7.136921770825247480e-01
3.600573071546705473e-01,-1.793432116891102712e+00
9.970502402532138708e-01,-1.321894243489997844e+00
6.102760745302018147e-02,-1.697310735518793967e+00
4.389859269292179511e-01,7.884681769669524831e-01
6.346756196229845770e-01,-7.669219000486500182e-01
9.882831074948177363e-01,-4.388699876923299326e-01
-1.771451092147696027e+00,-5.655024699355998274e-01
1.146708956292410875e+00,-1.524550479426958871e+00
9.824101169585883753e-01,4.539103702354179565e-02
8.059927775017836638e-01,-3.400817639282940896e-01
-3.729168293920837596e-01,-9.178745670003780610e-01
-1.290774720452577462e+00,1.268863478697986658e+00
1.594020889305683975e-01,-9.021589756994788933e-01
5.724786469613040163e-01,3.280408662243825546e-01
8.869650693571867750e-01,-1.591504977017541123e+00
-6.651294595070459392e-01,-1.623513192185553233e+00
4.318959097044881568e-01,1.880094446070839309e+00
-1.712156946438339267e+00,4.928205320798745293e-01
6.609876967001167003e-01,-5.327108261148679746e-01
-1.066991946653350842e+00,-1.513810779535518680e+00
1.662945792150228419e+00,7.419548300127980500e-01
1.804788423163731226e+00,-1.529937329082468878e-01
8.699701786797667813e-01,1.545261445227102071e+00
9.911459109127218614e-01,9.764504414396135701e-02
-1.258184394486548952e+00,-1.191349994537556745e+00
-2.767925656773429499e-01,-8.455156244763620821e-01
2.377104976195603403e-01,8.847519719655922987e-01
1.603629695964911839e-01,-8.497804557922133961e-01
-3.498612599222421932e-02,7.138438686778521003e-01
-1.554331189782429901e+00,-8.740231939595570765e-01
6.359728584521692762e-02,1.842834559098030178e+00
3.207499500997180314e-02,-1.758203178856599935e+00
-5.355628155229902321e-01,-5.538690659041346498e-01
-1.608249446822672235e+00,-7.056644052233669306e-01
-1.607140465099148541e+00,7.204145883075279144e-01
1.046252747314001974e+00,-1.391445723375182908e+00
1.445447926508625969e+00,-1.139828556622333622e+00
-1.741218902785581557e+00,4.621198965025198890e-01
-1.288993356907729648e+00,-1.085020332983444469e+00
-3.294526290341027175e-01,6.874702528256547707e-01
1.904820286285685560e+00,3.185765832971658718e-01
2.362753330807475238e-01,9.067066458147096109e-01
-8.177551218946551570e-01,1.014985758193283072e-01
-8.401323978193189213e-01,1.480192186629618045e-01
7.776259570498109674e-01,-1.633597141447868939e-01
5.376487370093827600e-01,-8.348267184194865242e-01
-6.774806832764788123e-01,5.586242213930228129e-01
6.493959026880529173e-01,-7.335076327584133526e-01
-1.802130436063491103e+00,3.642851089718052160e-01
-1.319989380171954663e+00,-1.329839978737128670e+00
-1.608084963927523647e+00,9.618250347608207074e-01
8.063426320488477073e-01,1.571656510428803277e-01
5.124264292634096024e-02,-9.417021489492388708e-01
-1.492444671114914634e+00,-9.890001068136858864e-01
2.398157290582636769e-01,1.655595646123222853e+00
1.693541146808882347e+00,-7.945839358139946684e-01
8.479998115361638833e-01,-9.920538258131494924e-02
9.125620316994710324e-01,1.641886648112228952e+00
8.214127835259430466e-01,5.354393853904959588e-01
-3.202055131729623638e-01,-7.058571129102425568e-01
-7.397802017873151836e-01,-5.926962402757597337e-01
7.660792518605636925e-01,5.652713426724722545e-01
1.330228616397811203e+00,1.137111467513907570e+00
1.684814123741050496e-02,8.776988098495359658e-01
-6.623973074001635597e-01,-4.227698249797251506e-01
-1.793230141911555942e+00,5.293153756270103649e-01
-1.661207500241266066e+00,-3.287930142657494725e-01
-5.619518693230662887e-01,-6.541167208213441997e-01
-1.812720020774462704e+00,-2.155388430286806212e-01
-1.768200457427286487e+00,-1.418247504798441638e-01
4.028296084972726177e-01,9.536352252956837861e-01
-5.114855204218974466e-02,-9.476297382137757186e-01
1.064421391447238463e+00,1.564855168589083023e+00
-4.145045459684920663e-01,-9.320397086830620736e-01
-8.610296747867862699e-01,-6.798367694868776012e-02
-4.520393613143741662e-01,1.839793889908750035e+00
-1.737686389041447621e-01,-7.646449691651409086e-01
1.686364322817231587e+00,3.508531323565629578e-01
-5.579389896337854093e-01,-5.176523147979814610e-01
9.523222884600783811e-01,7.290091773055777657e-02
-1.902561867992386135e+00,-1.954572813065096060e-01
-9.657197277578934980e-01,1.439513076222587840e+00
-8.104255353298251974e-01,1.503391390482867296e+00
-9.345467636184786597e-01,2.111599512040552296e-01
1.624468819076304582e+00,5.717575677298927239e-01
4.165613713407526064e-01,-1.692677540725155083e+00
1.314064560367292689e+00,-1.009150479523792221e+00
-7.616534669388256296e-01,-1.534896876672308563e+00
5.466028416528485590e-01,-6.712386271574088958e-01
9.174686002992047396e-01,-1.422857876203556249e-01
-1.013429800004338244e+00,9.184666220121209812e-02
-6.385003810035574379e-01,7.747960297122322704e-01
-6.570807984294438908e-01,-6.003260271763944944e-01
1.093467070582393452e+00,1.488354042377045161e+00
-5.943347573345457713e-01,6.830693347547730498e-01
-1.705310857656648915e+00,-4.242488891384509075e-02
3.871489984200533474e-01,9.294806539661111255e-01
8.719427974744730081e-01,-1.554556891545520125e+00
-4.383603947969008652e-01,7.347540117963833328e-01
6.279075399848207395e-01,-1.650594630096363868e+00
-5.735787770001419400e-02,-7.737314885771949813e-01
-6.537176000715675395e-01,7.989384909670298462e-01
8.537026381776767758e-01,-1.547159045047778791e+00
8.135327290610429030e-01,4.436832087889337473e-01
3.017787311409143025e-01,7.511937153088104058e-01
1.501837383513846325e+00,-1.202831567173163085e+00
3.961689371126286274e-01,-1.808823615072658653e+00
-7.015602972161002482e-01,6.100922754617822408e-01
1.836786287639303739e+00,-3.632302086410544306e-01
2.343155456308843865e-01,1.695000881634669332e+00
1.677097899988721830e+00,-1.206015553312494326e+00
-8.232057855822066950e-01,1.580677024224646177e+00
1.565146375757055619e+00,-7.965309152888457866e-01
-7.493225558293838962e-01,1.751946699761067552e-02
-6.600931580143979405e-01,4.434463750902618573e-01
-5.456963983813563068e-01,-8.313938990485396641e-01
4.762399869770847505e-01,8.494329717593198659e-01
1.703236947996803474e+00,-5.680704283754555162e-01
8.619536090989767807e-01,-1.903929466152295136e-01
-1.615515028127927133e+00,9.080031745769494567e-01
7.853585414911447016e-01,1.622286866827250096e+00
1.497224586035494909e-01,-9.439844690799575888e-01
4.237860639039975896e-01,1.779079597822954995e+00
-3.110641116078962654e-01,-7.051126855019401729e-01
8.037738747318565746e-01,-1.711444160035889617e+00
6.013078556141261410e-01,1.772891517268315065e+00
8.217919570792764361e-01,1.553562435252708873e+00
-5.966115447326690857e-01,7.672201881896082432e-01
6.549276053229007299e-01,5.762282188457092946e-01
6.983940110237524257e-01,1.873242400061537472e-01
7.995118822272214709e-01,-1.836032616817350860e+00
9.643986628749123824e-01,-2.114031867861301817e-01
-4.351637175379088895e-01,-7.105398826082085506e-01
-1.639986580892509371e+00,-6.040014898242839214e-01
1.289213347098741247e+00,1.347600691475616896e+00
1.788968521518995658e+00,-1.573330699945929556e-01
-1.759212531249273015e+00,4.738109081056236516e-01
-6.436054891042161108e-01,-6.811883692261537782e-01
7.238282924361798543e-01,5.687878397341475933e-01
7.250821084109398962e-01,5.714457940297387184e-01
8.448574511629827199e-01,5.221043627024220951e-02
-1.334962699803883268e-01,9.959654413289938946e-01
1.913733516166874968e-02,-1.009917899127814378e+00
7.021246767697015834e-01,-7.394857177912331769e-01
7.269593595562910959e-01,-3.986046098657263226e-01
-7.465331230811237395e-01,3.392858227673832272e-01
1.211437947728510212e+00,-1.300723529409542500e+00
1.031548127769909007e+00,1.382579981969669358e+00
8.324966285569134206e-01,4.129920813786880918e-01
-2.927672180391886481e-01,8.712359865773262602e-01
6.614719776263197071e-01,-4.943343598928932048e-01
-1.323380500981959695e+00,-1.134940532606795838e+00
-7.752198745937526336e-01,5.310865877536337099e-01
3.621868538436930351e-01,-1.674237378110683627e+00
-7.433459987363036925e-01,3.946693814854393412e-01
-8.030983778408548046e-01,3.638876637314681362e-01
-8.861736429971051043e-01,-1.459004798860547902e+00
1.561358456429816410e+00,-6.728077609575439100e-01
-1.757911838994544507e+00,-2.634357910660119553e-02
-2.227202078089163262e-01,1.075026573343605962e+00
-8.682043928927603016e-01,-4.366015736770610944e-01
-1.569402456357406717e+00,-3.243094052918439885e-01
-1.574934609984476319e+00,-5.670318486477284869e-01
-6.982385129064607732e-01,-6.242953309380885329e-01
1.455779151915127245e-01,1.781117775561342764e+00
1.592532896104975615e+00,-8.540999508693761788e-01
6.518461487198191628e-01,4.058455364229980322e-01
-1.574777015139197323e+00,-9.163466815683282141e-01
9.087881327939560938e-01,-1.096306679467345391e-01
-1.809726063375595440e-01,-8.261500972146506028e-01
1.804774751174763159e+00,-2.937862045863605109e-01
-1.086420530743307689e+00,1.193050230590702254e+00
-8.309298864956113917e-01,1.930361161160162042e-01
-9.496236984116736002e-01,8.223784814204191523e-03
1.063497684948504718e+00,-1.363513276300734267e+00
1.683214775973722155e+00,-2.232623508148343372e-01
-1.158948200658155070e+00,-1.638891569171923912e+00
1.637202765815777727e+00,-9.920453285756348771e-01
1.772868205981142031e+00,5.315419065470937746e-03
-8.329716830506672665e-02,9.946682714193840757e-01
-8.508085152576212451e-01,-3.684834263103987650e-01
-8.131906558551016406e-01,-4.058561311632430946e-01
-1.756911625836421464e+00,7.398512812448782006e-01
1.042788872068542982e+00,1.581035808022195566e+00
-3.407601833093226174e-01,1.619895841070360110e+00
5.903873428828781966e-01,5.385156030157324247e-01
-8.861073144361210074e-01,1.767103642675964759e+00
9.713621394001468179e-01,-1.047457185407596747e-01
-6.405116829678961787e-01,-4.713876201939783406e-01
3.984501448153035530e-01,-9.538028418038720924e-01
-9.684394021480402515e-01,-2.170996280081851637e-01
-2.238607574057114025e-01,-7.723270300617037787e-01
-1.815907886195593290e+00,5.463163394218391311e-02
-9.014338822901254433e-01,1.548938377819370826e+00
1.696969842716712362e+00,-2.164391939629442263e-01
1.750990274771882849e+00,4.789418854495636757e-01
7.037752750563200932e-01,6.998543780527421987e-01
4.120774202423371224e-01,-7.259700682952188178e-01
1.517788034481779125e+00,-8.649593106087949401e-01
-9.591240759723883569e-01,-3.291283493204981703e-01
1.758237384105728829e+00,1.186835284348089492e-01
8.246701571508161521e-01,1.671001385493119828e+00
7.443636285951964471e-01,5.978665507826932402e-01
-1.691516350845861050e+00,3.675430987332571897e-01
-1.325503248001849821e+00,1.100467649614127685e+00
1.654575176201829922e+00,-6.717643488597020429e-01
-5.091609831349607207e-01,5.692638365237376874e-01
-1.441478940300682798e-01,-8.259671232841896416e-01
-1.773336083984102141e+00,8.354694039936592931e-02
-4.947705928061808534e-01,-7.864214941032019457e-01
-5.942922186493034831e-01,1.652620354527998714e+00
-1.688834418565933859e+00,5.153456436440809751e-01
-1.846590542168023708e-01,-8.244321414062374398e-01
5.558034625420460451e-01,-1.863562974165940078e+00
-1.378148366677144576e+00,-1.137423077062794663e+00
1.376911838412111955e+00,9.277159556725007583e-01
-1.544668096701457272e-01,7.651354302444153266e-01
-8.333459853579824328e-01,1.559848238560240574e+00
1.233933668990657040e+00,-1.402154516455994759e+00
9.798811079607318009e-01,1.431112195012028243e+00
7.928566867066825230e-01,-1.540546167389357790e-01
6.981620911143504582e-01,-6.741701451379095156e-01
2.541841259265069652e-01,-1.711127064626608796e+00
9.113772997777601637e-01,1.661663853932507262e+00
-5.093408720600800521e-01,8.891133451075251548e-01
-7.300673015600304128e-01,-5.091456630719588539e-01
5.025844256066035465e-01,6.295285926813044552e-01
1.773056291818495112e+00,-5.933050899522492871e-01
8.114135603729962787e-01,1.554825377903321870e+00
-4.618501201567391523e-01,5.445773609207238408e-01
-5.817704189258593450e-01,-6.148946636434070578e-01
1.758873042421029043e+00,1.346297613483981304e-01
-8.542069170347499352e-01,-1.622452596445901341e+00
5.717033948558442047e-01,7.316822892430038250e-01
-7.586042997163311430e-02,6.794678687521189531e-01
1.096830655932899079e+00,-1.477234585119520549e+00
7.142423000989815696e-02,5.847591529042949210e-01
-4.905339834253223952e-01,-6.153427862588120023e-01
-1.793559437231304621e+00,-4.463621459346966969e-01
8.463762918004894553e-01,-1.955715213681827602e-01
-1.924755106778799130e+00,3.466382007389433584e-01
5.844099130840323397e-01,1.690260884651553441e+00
-1.835630971586607485e+00,5.407675513639775833e-01
-1.603701789094611030e+00,1.052302683907833991e+00
1.904286981545842694e-01,-7.486586173895974916e-01
6.382025734632045255e-01,-1.696368416682758173e+00
-8.226190467344808299e-01,-5.484984062897653168e-01
-1.178327397223620787e+00,1.298175864876080388e+00
-2.247448954845264746e-01,-8.262691740631304960e-01
7.947546935253200218e-01,-2.804205013576399619e-01
-1.015219213791523245e+00,3.496064097815569927e-01
-1.813706334935135001e+00,-4.193203066501294818e-01
-1.253516426792220306e+00,-1.339715761560670737e+00
-7.252453514179906247e-01,-1.596989867648811456e+00
-3.212158695352008153e-01,-1.793379069334098741e+00
-3.938302850651108633e-01,7.781488378373317971e-01
9.590140005153076352e-02,8.362984090733960318e-01
-6.235404765715745201e-01,-3.016584809575425519e-01
-9.608278244865417483e-02,-1.931685375010265382e+00
2.081292909551041570e-01,-9.350638714594683432e-01
-6.319033927494499547e-01,-6.099599654244451941e-01
-9.695004121111776563e-01,-7.686840196664612712e-02
-4.748151339125070841e-02,9.262552278861866384e-01
3.890165543191206887e-01,1.644838498656390202e+00
-1.754147783657864279e+00,5.643620160153339782e-01
1.617922518848825097e+00,8.083453026214110215e-01
-8.309060246784762960e-01,1.265930874048548371e-01
6.443107397992496876e-01,-6.103882003255924893e-01
7.473987652818656624e-01,-4.611015494194400932e-01
-1.441111615827793901e+00,-1.181565719244696000e+00
4.850245456525266730e-01,7.756021576536826778e-01
-7.557876169117100362e-01,-4.573703551683764301e-01
1.951978688263587280e-01,-8.161727051347037465e-01
2.663837752225615141e-01,-8.747106923229001074e-01
-1.606821743778580336e+00,-8.388639436758682510e-01
8.344145493973742500e-01,1.106595701273431626e-01
4.341976672403342619e-01,5.968301532903508289e-01
5.489550436162295988e-01,-7.290719926524346084e-01
7.652845008774081803e-01,5.500429806943802902e-01
-6.056176203859363616e-01,6.846644714262328790e-01
4.943349667562150773e-01,-1.644906298354202656e+00
-3.481181898252567325e-02,8.895261183805059924e-01
-1.704988838415410823e+00,3.899960165967463754e-01
-6.165977815480567781e-01,-7.942786247451528725e-01
-5.223999138454840097e-01,5.547492649353988892e-01
-8.839341007468942690e-01,-1.301024138160072618e-01
-1.301856934343446293e+00,-1.160700707197906745e+00
-9.196720345558422327e-01,-1.593774758556925908e-01
6.441677156453179398e-01,-7.275250988255291817e-01
1.320680917877276483e+00,-1.222328874636983587e+00
1.206222497885480194e-01,-1.667081970450375428e+00
1.029230560626691382e+00,-1.446623120471547619e+00
5.730476962266002339e-01,-1.735880740622412821e+00
3.801138956641217370e-01,6.954273417302977434e-01
-1.331660630623539898e+00,-1.103255101380770320e+00
8.776377742485069744e-01,2.121339913334686356e-01
-1.424225116005742420e+00,1.064393306475582390e+00
-8.233071350906720487e-02,8.385167538363889062e-01
1.788138806235750389e+00,-3.170024788822524142e-01
1.684037722279162486e+00,-6.267510861553377000e-01
5.923905866713294888e-01,5.916915316253118506e-01
-2.533165681821314408e-01,9.959128110057656746e-01
-8.533133343497087964e-01,-2.865770013021043949e-01
-6.605620778447033326e-01,4.373127611323295860e-01
4.329055852359911527e-01,-1.030586428715775993e+00
-1.310149693181413166e+00,-1.048134314021536673e+00
3.179411449462544170e-01,-1.752323655547522563e+00
6.225301339165458803e-01,1.672573806759432680e+00
4.501513236767047399e-01,1.743151708724299809e+00
-8.825833473922114480e-01,6.801571237126549652e-02
9.831110294169205233e-01,-1.776433946199758307e-01
-9.022241042826094626e-01,1.439335494329378740e-01
4.881522309176168362e-01,5.972014231040675414e-01
-2.683949886370617932e-01,6.953419134264831047e-01
-4.430098159910921263e-01,-9.796394147645505202e-01
8.141081471748284892e-01,-1.612980983646687072e+00
6.396636464682553536e-01,-1.664121622888448782e+00
4.010533952453002038e-01,1.724107319280658857e+00
9.615395336590276676e-01,1.305485895118623674e+00
-6.145166364170986384e-01,5.006642676683045190e-01
7.944587687277140375e-01,-1.635864134047708029e+00
-4.143377377668056583e-01,-7.530363448961817641e-01
-1.748378600323755139e+00,5.821600999522755782e-01
-1.171739202037540784e+00,-1.447098268681292543e+00
-7.615558485614040141e-01,-1.567162798965449966e+00
5.199442267355671721e-01,-6.798157618152290693e-01
-2.429279768476963475e-01,-8.815006364497064428e-01
1.260522931496594001e+00,1.316255112979797914e+00
9.223574244276736556e-01,4.833665611771547077e-01
-1.371591189700434699e+00,-7.583547026923614931e-01
-9.358462275027463750e-01,1.657689321326302478e-01
1.787313731397397687e+00,5.637267797569214256e-01
5.383844533321731074e-01,7.532100777498303978e-01
-1.500866179988637542e-02,-9.715089112627923740e-01
-1.153177321008021505e-01,8.055950834498496471e-01
1.533801309283145731e+00,-4.119895378088793692e-01
8.701710204102586221e-01,-4.140150462215254068e-01
7.864872022025573006e-01,-4.483265306324887289e-01
8.503494512423496188e-01,1.241644262733453824e-01
4.036054249848729514e-01,7.854081757470892100e-01
-4.814880210294103513e-02,-1.689583425356059543e+00
5.879634625936364101e-01,-4.642618809618408449e-01
1.429414117387576733e+00,1.004701943871418646e+00
-6.981668193231618247e-01,-1.588392023979570356e+00
-9.060851811635589614e-01,-1.577210745159774330e+00
-1.848369716039344413e+00,5.150002142522071003e-01
-6.126999472289619275e-01,1.746457961883448373e+00
6.339664387422645486e-01,1.666047142575445283e+00
-7.112776170771816231e-01,3.375919144799998106e-01
-9.481472489238645940e-01,-2.447807032302395380e-01
9.358858084304132463e-01,4.296274263794436776e-01
-8.444227691335352004e-01,-1.529402681435243938e+00
1.961668175242533840e-01,-9.301775567336789674e-01
2.714906560278603775e-01,1.897275751095414131e+00
8.791959010597785174e-01,4.281390970286951814e-01
2.545209746421372987e-01,1.616523489217613685e+00
3.298408839483648030e-03,-9.526422924619145638e-01
4.258871833216120173e-01,-6.213972653936914448e-01
8.259936606915176949e-01,1.653341157182312227e+00
-2.290158932311536430e-02,1.710749489880635910e+00
8.117411224913720913e-01,1.545033837949402411e+00
4.795186820680231721e-01,-6.737302289121662735e-01
3.392361552213350451e-01,8.565216997340697747e-01
-2.211812826549511835e-01,1.716973420044832555e+00
-1.416405412312220946e+00,1.197124818873032126e+00
1.725001368530203916e+00,5.167747968860093577e-01
7.815196986618304642e-01,1.758867394540898355e-01
-7.379414387208771409e-01,1.715753146261580930e+00
1.029053893399139774e+00,-1.321877168004938596e+00
1.907599646928762827e+00,4.787409385221777502e-01
-1.031799491951658210e+00,2.167667045135435733e-01
7.271806036372262527e-01,-3.782816864353027442e-01
-7.100478862401803370e-01,4.191162960867167442e-01
4.501720165543680041e-01,9.420644810920708601e-01
-1.562102306409536734e+00,6.072860894380750496e-01
-7.393010897890828215e-01,1.647256938463876608e-01
-1.119750897924178396e-01,1.755231133099256935e+00
-1.671462860408057916e+00,-8.490787578496693522e-01
9.528359052676883545e-01,-9.746302394454754714e-02
6.171236679551803661e-01,7.924755052890688489e-01
1.657625421847814806e+00,-3.601268084646835343e-01
1.719724343457651183e-01,1.079423600806690420e+00
-1.421640551398219321e+00,1.175074644746377128e+00
1.479298343701480389e+00,1.003758800441922672e+00
6.725148572552760440e-01,3.488125590487329286e-01
-3.171472191885395531e-01,-1.761195836913669321e+00
-7.357205612585736298e-02,8.417196770395077854e-01
4.936985101178407165e-01,-7.899207990130310275e-01
4.839456675801495078e-01,-8.145485373528983386e-01
4.540251152706911153e-01,-8.086239001641616353e-01
7.434708732125686614e-01,6.135727024713080180e-01
1.303731406603871212e+00,-1.274921079928584167e+00
-5.193800132636071654e-01,-6.744238398532037548e-01
4.000704282051149030e-01,-9.388608258638742043e-01
8.356601169580092359e-01,-1.517556795848102436e+00
-8.492014684951147974e-01,-3.591904580133963298e-01
-2.694963818847275205e-01,1.723320828435831897e+00
-6.696121330315493170e-01,5.314387306769712271e-01
5.821951326108707470e-01,-7.194277343897772514e-01
5.234419621913529719e-01,-6.394135465246264527e-01
1.745697389100373753e+00,-4.393520859240321874e-01
1.499223078870037806e+00,-6.971375816955375226e-01
-5.588954303861179973e-01,5.889633641471107017e-01
7.072200205642862336e-01,-3.357880431557765388e-01
-6.182223462211640097e-01,1.751131750305569001e+00
-4.206860146856274962e-01,7.597447603942517613e-01
-2.168449909714776636e-01,8.809037580984429017e-01
1.643154075336776376e+00,1.036939510009297072e+00
1.708431357607131273e+00,3.417510019644960928e-01
-4.914970982593983573e-01,1.768779672627325494e+00
7.815602868847663087e-01,4.362583176122876161e-01
1.770075690309277139e+00,-2.130000226901893612e-01
-8.167044230709816777e-01,-1.885720077907629133e-01
1.045781793063633280e+00,1.481721987816674080e+00
2.743343627188460920e-01,1.659725566451225376e+00
8.250350576924839752e-01,-5.177800010068267511e-01
-3.881798950601549891e-01,1.769900513216850602e+00
-1.044368413599278567e+00,1.241907967208964347e+00
1.672507560747916289e+00,6.935355716336147891e-01
3.376197169129898090e-01,-1.665381144980594419e+00
1.384592931220818834e-01,-9.915988548036590577e-01
-6.545100273414681258e-01,-1.646009832417426599e+00
-1.360809108268387968e+00,1.258846356124364574e+00
-1.250491316206851389e+00,-1.310544177484904926e+00
7.843852240064821402e-01,1.464423462512954188e+00
9.958538000853531802e-01,-1.406708082827241024e-01
-4.739529096214198378e-01,-1.078866816581726784e+00
8.071675330127320303e-02,8.686585668850037578e-01
1.556315766749026164e+00,-1.066098713787648311e+00
-1.034195316853997237e+00,-9.163398367524906718e-02
3.761707480664225334e-01,7.161747045794895072e-01
-9.613702995152618308e-03,1.050080217817363160e+00
1.824617280745778780e+00,3.143023344204243230e-01
-8.815633769182453783e-01,1.058334240618049038e-01
6.995750794137992612e-01,1.807742425257965468e+00
2.000121412885488281e-01,9.047283656716094136e-01
-8.841922381167435230e-01,-2.958090772950975333e-01
1.570676220251704169e+00,-7.284755543773945297e-01
5.867516361341492681e-01,7.176027612765120134e-01
4.277621955913252227e-01,7.509191272246251714e-01
3.909299030353057258e-01,-1.670114860365863096e+00
-5.827629975271030327e-01,6.003424190294421869e-01
7.330497151875741135e-01,1.615164535629865394e+00
1.705094891209717689e+00,-5.597355841507730551e-02
-2.959700070765228230e-01,-7.939491090682962993e-01
-5.520280605818453923e-01,9.050703886707576196e-01
-1.696075177601565676e+00,7.336009814801733864e-01
4.455124419954243492e-02,1.941825508261900035e+00
-5.055297849160047541e-01,-7.161132821445942431e-01
-1.343729161151709706e+00,-9.637563553203660760e-01
7.168996936988110136e-01,-1.703885860586266787e+00
-5.825413177346843163e-01,5.737621340956340354e-01
-1.410108618683527215e+00,1.167111404738382374e+00
-1.205958950252317419e-01,-7.404446667742261567e-01
-6.127774619693102665e-01,-8.927303515882324403e-01
1.097651461010695106e+00,1.381513733043779890e+00
3.459961316927380182e-01,-7.425563381534344698e-01
1.069232849090679727e+00,-1.602688115891246046e+00
3.163543018790647421e-02,-9.810416606764668090e-01
-1.390086224642727464e+00,1.219110033689635886e+00
-1.113306031977488342e+00,-1.385114263719082750e+00
-1.504939895635500680e+00,-9.162025143513558012e-01
-6.120597893700221448e-01,-5.087402613197704593e-01
-8.567735883166728295e-01,-4.592190848218966059e-01
-1.156499781773273172e+00,1.267333280006193164e+00
7.216039409190189158e-01,3.205297096037743043e-01
-1.058422018501198325e+00,-1.689334538734480473e-01
-5.920795631691330163e-01,-4.846046206285939961e-01
1.746710862757711924e+00,3.865242317255143112e-01
-8.083618165458062998e-01,2.142003955028557727e-01
-1.605256547870750783e+00,9.778463882873312807e-01
8.399140536522510248e-01,1.757251520510438314e-01
1.919067935987316176e+00,2.159276893778073747e-01
5.551871347772104892e-01,8.535421879761653230e-01
-8.918817367602935864e-01,4.132295218633839085e-01
9.889911727688387444e-01,9.988063207114630249e-01
7.800201115842341215e-01,2.800530610389241892e-01
-7.944315757524649246e-01,4.472487378640869204e-01
8.687370229703983426e-01,-1.881748104821195922e-01
-7.530536995613913431e-01,3.237761002398573673e-01
-7.257536818175522875e-01,4.436389985053751372e-01
8.050473024854272186e-01,2.974942904995470649e-01
-6.617318833504934328e-02,-1.872163308371161961e+00
-3.663179022461943712e-01,1.772646218832991671e+00
-8.388706056417863932e-01,-4.226956878962629949e-01
1.714877041795108914e+00,-5.165425287590948156e-02
5.190107823327427816e-01,-1.661884233965574387e+00
8.175816951344120342e-01,1.301001904153984645e+00
1.769688846554497985e+00,-1.951585574375766519e-01
-3.617353029398574782e-02,9.760480779239567584e-01
1.266749752401685525e+00,1.562748434476394888e+00
-1.806543580066022558e+00,-1.324075001046618738e-01
8.451452759446702601e-01,1.655344926505547543e+00
1.866829737787859989e+00,2.982308563815052049e-01
6.928385187860157668e-01,-5.571909989474104208e-01
-1.974312994575769253e-01,-1.894827943456217412e+00
-1.827635481823111974e+00,1.279793885833203915e-01
-1.572295933815757607e+00,1.709751446914044293e-02
-7.941875256999977872e-02,1.672497495240590881e+00
1.518832336126670901e-01,8.454873168844954101e-01
-1.804960250387407150e+00,1.520785957519226739e-01
-2.754084026057235235e-01,9.073092329922299859e-01
-1.634726190922174860e+00,-1.377705443209942537e-01
7.097972635720967149e-01,4.538669554644240156e-01
-1.276433520913634601e-01,-1.041989416562298043e+00
-1.047522658831133047e+00,1.469341570612615389e+00
-5.646950809536164240e-01,-7.639974262600357502e-01
-8.493797348640383937e-01,8.306811833125835043e-02
2.123010218572612684e-01,1.712858409879479238e+00
-9.310362635714393431e-03,-1.129674345381687317e+00
-1.638896231049944419e-01,-1.898226932863320560e+00
-1.746292153636408440e+00,3.772557427047271844e-03
1.889285499662415324e-01,9.569547843194230463e-01
1.619358629254578741e+00,-6.466334481994983063e-01
7.492551375447968898e-01,4.070834386067642696e-01
-2.292710055605400588e-01,7.938024201499654930e-01
-4.223552781733377892e-01,-7.521175427016810744e-01
-1.003917722292024806e+00,-2.662593740034280287e-01
-7.135024255275290717e-01,-5.629980701227551565e-01
4.458377959880780450e-01,8.159355248700723706e-01
-1.213564848630422771e-01,8.481713073243385415e-01
-7.215707742855178575e-01,-1.594700369591030564e-01
7.544875613616730536e-01,-3.477472002530365147e-01
-9.063090208263354652e-01,4.233862286954384602e-01
-8.875624924246036662e-02,8.846365417582318091e-01
1.024309728931864560e+00,2.884358611415401841e-01
-1.710901552120601021e+00,6.191799436904380505e-01
-1.845640137777215806e-01,1.760257713925943657e+00
1.307385347321682323e+00,1.170541671687579166e+00
9.032039492685793869e-01,-1.513690519558548164e+00
2.425589675730321360e-01,7.738073654110622090e-01
7.569774814692670217e-01,-1.826736332558926756e+00
-1.775228111233398964e+00,-1.293563089512529130e-01
1.280400497963631201e+00,1.226893061796873408e+00
-8.502842667063831295e-01,-2.364996025079240879e-02
-1.666923545335591950e+00,-9.281449481916534960e-01
9.055027582017011190e-01,1.792427248699962894e-01
-9.593269577091547706e-01,-1.087755878294170281e-01
-1.339169444933478559e+00,1.148485271846949596e+00
1.556965806550508313e+00,7.127357149856479168e-01
2.486505797821507713e-01,-1.033053872743288970e+00
-9.179054728896365312e-01,1.483113194919885469e+00
3.864329239131150673e-01,9.279093765666303062e-01
9.441924629261774227e-01,-3.768003289810305523e-01
-8.902206059224510026e-01,4.522769455763115398e-01
-1.717925499895957442e+00,-3.536608157629375637e-01
-1.781603695587322678e+00,6.932949297815695910e-01
-1.189672446177666654e+00,1.420930207020998592e+00
8.563743087867926596e-01,2.970903965172624547e-03
-8.776919434822136878e-01,2.881637785350700254e-01
7.480813540665478545e-01,-5.790974119223971650e-01
9.172021484345078690e-01,1.576059699692966110e+00
6.960264349220577351e-01,4.027712011284870774e-01
1.624764640099655377e+00,4.011575055852518168e-01
-5.733559877118914461e-01,-3.983084873806214121e-01
3.492719811873736258e-01,8.135857056647504137e-01
-8.443469417783100450e-01,-1.734794728007254649e+00
1.461194490061230367e+00,-9.851210195017165994e-01
5.357686086508501866e-01,1.828790351749484122e+00
-8.501236763390421780e-01,1.369875979862314130e+00
1.702092068596480212e+00,-5.270329354755620699e-01
-2.803279536504686420e-01,-1.714488655557231622e+00
-1.299334225168697066e-01,-1.837683170942503663e+00
1.009986695975860549e+00,-1.555973594045809039e+00
1.729777738285150690e+00,-7.421407956363248459e-01
-2.830424499445234332e-01,-8.377394325690649124e-01
-6.408124967364807467e-02,-1.011032784273895535e+00
-1.552885647677289427e+00,-7.009522361166472537e-01
2.153032261503732281e-01,8.636563657026827823e-01
-8.921494666520771721e-01,-2.376204759447946013e-01
1.283114747076081086e+00,-1.202251349134172864e+00
8.641410027787179704e-01,3.600876502378889121e-01
9.001155250704909738e-01,-1.644503840016063589e-01
-6.799533584706890510e-01,-6.210223324108994358e-01
1.150309428537423573e+00,1.346359070996248963e+00
5.807357865325847301e-01,7.933388768357598764e-01
-1.273671389995287395e+00,-1.117956905056872063e+00
7.724732063300970841e-01,-3.919644106691203556e-01
9.089434980605557435e-01,-4.784009171911312100e-03
-2.514190482339907495e-01,8.209727377736533160e-01
9.904365648624405827e-01,1.486053786836661894e+00
6.836083928039904389e-01,3.243328641804850698e-01
1.530316098939564551e+00,1.116599061011515959e+00
5.472949478835387183e-01,5.624257064273485707e-01
-2.813717917802195934e-01,-1.766909058375443653e+00
4.848249177052217918e-01,5.745342128880916999e-01
8.092673398174159149e-02,1.902517203420825531e+00
1.326691796126861833e+00,1.079436468047487940e+00
-1.363798824958329658e-01,-1.744181170443377171e+00
1.602564501900944460e+00,-6.065988392653802741e-01
-1.569879330201595868e+00,8.726858209705328218e-01
6.444998854006003253e-01,-6.130648111754126717e-01
4.213082815789229718e-01,-1.584841577299815008e+00
-7.488473099922818843e-01,1.377571512626718508e-01
5.541805445937828534e-01,-1.670968982144829251e+00
-1.215162329276386455e+00,1.416158269933717628e+00
-4.273785317613437718e-01,7.765139727436475292e-01
3.969108188483772004e-01,-7.222668863836084752e-01
8.449518903746405796e-01,6.222148587325323360e-02
7.259398618933403657e-01,4.907161230139141517e-01
-6.171105454321279549e-01,-6.383448797754284199e-01
3.029208932497181109e-02,-1.686947207128065784e+00
1.632037597603470225e+00,-1.068426765984171967e+00
