lsoa,size
E01000001,4654
E01000002,4653
E01000003,4654
E01000005,4651
E01000006,4638
E01000007,4639
E01000008,4639
E01000009,4638
E01000010,4638
E01000011,4639
E01000012,4639
E01000013,4632
E01000014,4633
E01000015,4632
E01000016,4632
E01000017,4633
E01000018,4632
E01000019,4636
E01000020,4635
E01000021,4636
E01000022,4636
E01000023,4636
E01000024,4635
E01000025,4636
E01000027,4637
E01000028,4637
E01000029,4636
E01000030,4636
E01000031,4635
E01000032,4636
E01000033,4632
E01000034,4631
E01000035,4631
E01000036,4631
E01000037,4631
E01000038,4631
E01000039,4630
E01000040,4636
E01000041,4635
E01000042,4636
E01000043,4636
E01000044,4637
E01000045,4635
E01000046,4634
E01000048,4637
E01000049,4637
E01000050,4637
E01000051,4638
E01000052,4637
E01000053,4632
E01000054,4633
E01000055,4634
E01000056,4633
E01000057,4634
E01000058,4633
E01000059,4632
E01000060,4633
E01000061,4633
E01000062,4633
E01000063,4633
E01000064,4632
E01000065,4633
E01000066,4637
E01000067,4637
E01000068,4638
E01000069,4637
E01000070,4638
E01000071,4637
E01000072,4636
E01000073,4636
E01000074,4635
E01000075,4634
E01000076,4635
E01000077,4635
E01000078,4634
E01000079,4633
E01000080,4634
E01000081,4634
E01000082,4634
E01000083,4635
E01000084,4632
E01000085,4632
E01000086,4632
E01000087,4631
E01000088,4631
E01000089,4630
E01000090,4630
E01000091,4635
E01000092,4635
E01000093,4636
E01000094,4634
E01000095,4633
E01000096,4634
E01000097,4636
E01000098,4635
E01000099,4635
E01000100,4634
E01000101,4634
E01000102,4635
E01000103,4630
E01000104,4630
E01000105,4631
E01000106,4631
E01000107,4630
E01000108,4630
E01000109,4634
E01000110,4635
E01000111,4634
E01000112,4635
E01000113,4635
E01000114,4634
E01000115,4667
E01000116,4667
E01000117,4668
E01000118,4667
E01000119,4666
E01000120,4666
E01000121,4667
E01000122,4665
E01000123,4666
E01000124,4666
E01000125,4676
E01000126,4674
E01000127,4676
E01000128,4675
E01000129,4676
E01000130,4675
E01000131,4675
E01000132,4676
E01000133,4675
E01000134,4676
E01000135,4667
E01000136,4666
E01000137,4667
E01000138,4667
E01000139,4667
E01000140,4666
E01000141,4668
E01000142,4668
E01000143,4667
E01000144,4667
E01000145,4668
E01000146,4667
E01000147,4673
E01000148,4674
E01000150,4673
E01000151,4674
E01000152,4674
E01000153,4674
E01000154,4674
E01000155,4674
E01000156,4665
E01000157,4664
E01000158,4666
E01000159,4667
E01000160,4665
E01000161,4666
E01000162,4666
E01000163,4665
E01000164,4665
E01000165,4665
E01000166,4670
E01000167,4671
E01000168,4669
E01000169,4670
E01000170,4669
E01000171,4670
E01000172,4668
E01000173,4668
E01000174,4669
E01000175,4668
E01000176,4667
E01000177,4666
E01000178,4666
E01000179,4667
E01000180,4666
E01000181,4665
E01000182,4665
E01000183,4666
E01000184,4666
E01000185,4666
E01000186,4678
E01000187,4678
E01000188,4680
E01000189,4679
E01000190,4679
E01000191,4678
E01000192,4678
E01000193,4678
E01000194,4677
E01000195,4678
E01000196,4669
E01000197,4668
E01000198,4671
E01000199,4670
E01000200,4670
E01000201,4669
E01000202,4669
E01000203,4668
E01000204,4670
E01000205,4668
E01000206,4666
E01000207,4667
E01000208,4666
E01000209,4668
E01000210,4667
E01000211,4668
E01000212,4667
E01000213,4666
E01000214,4667
E01000215,4669
E01000216,4668
E01000217,4669
E01000218,4668
E01000219,4669
E01000220,4668
E01000221,4670
E01000222,4669
E01000223,4669
E01000224,4668
E01000225,4669
E01000226,4676
E01000227,4677
E01000228,4677
E01000229,4677
E01000230,4678
E01000231,4677
E01000232,4677
E01000233,4676
E01000234,4676
E01000235,4675
E01000236,4670
E01000237,4671
E01000238,4670
E01000239,4672
E01000240,4672
E01000241,4671
E01000242,4671
E01000243,4671
E01000244,4672
E01000245,4671
E01000246,4672
E01000247,4672
E01000248,4674
E01000249,4675
E01000250,4673
E01000251,4671
E01000252,4672
E01000253,4677
E01000254,4674
E01000255,4673
E01000256,4674
E01000257,4671
E01000258,4674
E01000259,4672
E01000260,4673
E01000261,4675
E01000262,4672
E01000263,4675
E01000264,4676
E01000265,4667
E01000266,4668
E01000267,4670
E01000268,4671
E01000269,4671
E01000270,4670
E01000271,4670
E01000272,4669
E01000273,4669
E01000274,4668
E01000275,4670
E01000276,4671
E01000277,4669
E01000278,4670
E01000279,4674
E01000280,4671
E01000281,4669
E01000282,4670
E01000283,4670
E01000284,4669
E01000285,4674
E01000286,4675
E01000287,4674
E01000288,4672
E01000289,4672
E01000290,4677
E01000291,4673
E01000292,4673
E01000293,4673
E01000294,4674
E01000295,4668
E01000296,4669
E01000297,4668
E01000298,4668
E01000299,4668
E01000300,4669
E01000301,4669
E01000302,4669
E01000303,4669
E01000304,4670
E01000305,4672
E01000306,4671
E01000307,4670
E01000308,4672
E01000309,4672
E01000310,4670
E01000311,4670
E01000312,4673
E01000313,4672
E01000314,4671
E01000315,4667
E01000316,4667
E01000317,4668
E01000318,4668
E01000319,4668
E01000320,4668
E01000321,4669
E01000322,4668
E01000323,4668
E01000324,4667
E01000325,4625
E01000326,4624
E01000327,4626
E01000328,4624
E01000329,4625
E01000330,4626
E01000331,4624
E01000332,4628
E01000333,4628
E01000334,4629
E01000335,4628
E01000336,4629
E01000337,4629
E01000338,4628
E01000339,4631
E01000340,4631
E01000341,4630
E01000342,4631
E01000343,4630
E01000344,4631
E01000345,4630
E01000346,4629
E01000347,4629
E01000348,4627
E01000349,4627
E01000350,4629
E01000351,4628
E01000352,4629
E01000353,4627
E01000354,4628
E01000355,4626
E01000356,4628
E01000357,4629
E01000358,4627
E01000359,4629
E01000360,4627
E01000361,4627
E01000362,4626
E01000363,4627
E01000364,4625
E01000365,4626
E01000366,4627
E01000367,4624
E01000368,4624
E01000369,4625
E01000370,4625
E01000371,4625
E01000372,4625
E01000373,4624
E01000374,4622
E01000375,4621
E01000376,4622
E01000377,4623
E01000378,4623
E01000379,4622
E01000380,4623
E01000381,4625
E01000382,4627
E01000383,4624
E01000384,4627
E01000385,4625
E01000386,4626
E01000387,4626
E01000388,4630
E01000389,4628
E01000390,4628
E01000391,4629
E01000392,4630
E01000393,4629
E01000394,4628
E01000395,4632
E01000396,4632
E01000398,4632
E01000399,4632
E01000400,4631
E01000401,4631
E01000402,4627
E01000403,4625
E01000404,4625
E01000405,4626
E01000406,4627
E01000407,4626
E01000408,4627
E01000409,4630
E01000410,4631
E01000411,4630
E01000412,4632
E01000413,4631
E01000414,4631
E01000415,4631
E01000416,4631
E01000417,4630
E01000418,4630
E01000419,4629
E01000420,4629
E01000421,4629
E01000422,4631
E01000423,4631
E01000424,4629
E01000425,4630
E01000426,4630
E01000427,4629
E01000428,4628
E01000429,4624
E01000430,4622
E01000431,4624
E01000432,4623
E01000433,4623
E01000434,4622
E01000435,4623
E01000436,4628
E01000437,4627
E01000438,4626
E01000439,4626
E01000440,4627
E01000441,4626
E01000442,4628
E01000443,4627
E01000444,4623
E01000445,4626
E01000446,4627
E01000447,4625
E01000448,4626
E01000449,4625
E01000450,4630
E01000451,4630
E01000452,4629
E01000453,4630
E01000454,4630
E01000455,4630
E01000456,4629
E01000457,4628
E01000458,4628
E01000459,4627
E01000460,4629
E01000461,4628
E01000462,4629
E01000463,4630
E01000464,4630
E01000465,4629
E01000466,4630
E01000467,4632
E01000468,4631
E01000469,4631
E01000470,4631
E01000471,4674
E01000472,4674
E01000473,4674
E01000474,4674
E01000475,4675
E01000476,4674
E01000477,4673
E01000478,4674
E01000479,4674
E01000480,4675
E01000481,4674
E01000482,4674
E01000483,4673
E01000484,4676
E01000485,4676
E01000486,4676
E01000487,4676
E01000488,4668
E01000489,4668
E01000490,4666
E01000491,4667
E01000492,4667
E01000493,4667
E01000494,4667
E01000495,4666
E01000497,4669
E01000498,4671
E01000499,4671
E01000501,4670
E01000502,4670
E01000503,4670
E01000504,4668
E01000505,4669
E01000506,4670
E01000507,4669
E01000508,4670
E01000509,4671
E01000510,4671
E01000511,4671
E01000512,4670
E01000513,4673
E01000514,4674
E01000515,4675
E01000516,4674
E01000517,4676
E01000518,4674
E01000519,4674
E01000520,4675
E01000521,4670
E01000522,4670
E01000523,4670
E01000524,4670
E01000525,4670
E01000526,4670
E01000527,4670
E01000528,4670
E01000530,4668
E01000531,4667
E01000532,4667
E01000533,4669
E01000534,4668
E01000535,4668
E01000536,4679
E01000538,4678
E01000539,4677
E01000540,4678
E01000541,4678
E01000543,4676
E01000544,4664
E01000545,4665
E01000546,4666
E01000547,4665
E01000548,4665
E01000549,4665
E01000550,4664
E01000551,4665
E01000552,4664
E01000553,4668
E01000554,4669
E01000555,4669
E01000556,4668
E01000557,4668
E01000558,4667
E01000559,4668
E01000560,4667
E01000561,4666
E01000562,4679
E01000563,4678
E01000564,4677
E01000565,4678
E01000566,4678
E01000567,4679
E01000568,4679
E01000569,4678
E01000570,4676
E01000571,4676
E01000572,4678
E01000573,4677
E01000574,4677
E01000575,4676
E01000576,4676
E01000577,4677
E01000578,4675
E01000579,4666
E01000580,4666
E01000581,4667
E01000582,4666
E01000583,4665
E01000584,4667
E01000585,4667
E01000586,4666
E01000587,4676
E01000588,4675
E01000589,4676
E01000590,4675
E01000591,4676
E01000592,4676
E01000593,4676
E01000594,4677
E01000595,4671
E01000596,4672
E01000599,4671
E01000600,4672
E01000601,4672
E01000602,4672
E01000603,4671
E01000604,4672
E01000605,4672
E01000606,4679
E01000607,4677
E01000608,4677
E01000609,4678
E01000610,4676
E01000611,4677
E01000612,4676
E01000613,4677
E01000615,4673
E01000616,4675
E01000617,4674
E01000618,4673
E01000619,4673
E01000620,4673
E01000621,4673
E01000622,4672
E01000623,4674
E01000624,4673
E01000625,4673
E01000626,4672
E01000627,4672
E01000628,4672
E01000629,4673
E01000630,4675
E01000631,4676
E01000632,4675
E01000633,4675
E01000634,4676
E01000635,4675
E01000636,4674
E01000637,4669
E01000638,4670
E01000639,4668
E01000640,4669
E01000641,4669
E01000642,4668
E01000643,4669
E01000644,4669
E01000645,4632
E01000646,4633
E01000647,4633
E01000648,4632
E01000649,4631
E01000650,4630
E01000651,4631
E01000652,4630
E01000653,4633
E01000654,4627
E01000655,4627
E01000656,4628
E01000657,4626
E01000658,4627
E01000659,4627
E01000661,4631
E01000662,4630
E01000663,4629
E01000664,4630
E01000665,4630
E01000666,4630
E01000667,4629
E01000668,4632
E01000669,4632
E01000670,4634
E01000671,4633
E01000672,4637
E01000673,4637
E01000674,4636
E01000675,4634
E01000676,4635
E01000677,4635
E01000678,4634
E01000679,4632
E01000680,4621
E01000681,4625
E01000682,4625
E01000683,4625
E01000684,4624
E01000685,4622
E01000686,4624
E01000687,4623
E01000688,4622
E01000689,4630
E01000690,4631
E01000691,4632
E01000692,4631
E01000693,4628
E01000694,4633
E01000695,4632
E01000696,4630
E01000697,4631
E01000698,4628
E01000699,4642
E01000700,4641
E01000701,4641
E01000702,4641
E01000703,4640
E01000704,4641
E01000705,4642
E01000706,4641
E01000707,4640
E01000708,4640
E01000709,4640
E01000710,4640
E01000711,4640
E01000712,4639
E01000713,4638
E01000714,4639
E01000715,4638
E01000716,4637
E01000717,4637
E01000718,4640
E01000719,4624
E01000720,4622
E01000721,4624
E01000722,4625
E01000723,4622
E01000724,4623
E01000725,4625
E01000726,4624
E01000727,4625
E01000728,4624
E01000729,4626
E01000730,4626
E01000731,4626
E01000732,4626
E01000733,4626
E01000734,4626
E01000735,4626
E01000736,4627
E01000737,4627
E01000738,4625
E01000739,4626
E01000740,4644
E01000741,4644
E01000742,4643
E01000743,4643
E01000744,4643
E01000745,4644
E01000746,4644
E01000747,4628
E01000748,4623
E01000749,4625
E01000750,4626
E01000751,4628
E01000752,4626
E01000753,4628
E01000754,4626
E01000755,4627
E01000756,4628
E01000757,4626
E01000758,4626
E01000759,4633
E01000760,4634
E01000761,4633
E01000762,4634
E01000763,4633
E01000764,4634
E01000765,4632
E01000766,4634
E01000767,4633
E01000768,4633
E01000769,4638
E01000770,4638
E01000771,4639
E01000772,4638
E01000773,4639
E01000774,4639
E01000775,4637
E01000777,4639
E01000778,4639
E01000779,4635
E01000780,4634
E01000781,4633
E01000782,4634
E01000783,4633
E01000784,4632
E01000785,4633
E01000786,4622
E01000787,4623
E01000788,4624
E01000789,4623
E01000790,4625
E01000791,4624
E01000792,4623
E01000793,4624
E01000794,4624
E01000795,4623
E01000796,4642
E01000797,4641
E01000798,4642
E01000799,4642
E01000800,4643
E01000801,4642
E01000802,4643
E01000803,4642
E01000804,4641
E01000805,4642
E01000806,4642
E01000807,4629
E01000808,4627
E01000809,4629
E01000810,4627
E01000811,4628
E01000812,4625
E01000813,4628
E01000814,4626
E01000815,4628
E01000816,4636
E01000818,4634
E01000819,4635
E01000820,4635
E01000822,4636
E01000823,4635
E01000824,4635
E01000825,4634
E01000826,4636
E01000827,4635
E01000828,4636
E01000829,4635
E01000830,4637
E01000831,4635
E01000832,4636
E01000833,4635
E01000834,4635
E01000835,4636
E01000836,4635
E01000837,4636
E01000838,4634
E01000839,4636
E01000840,4635
E01000841,4635
E01000842,4663
E01000843,4662
E01000844,4663
E01000845,4662
E01000846,4662
E01000847,4662
E01000848,4663
E01000849,4662
E01000850,4657
E01000851,4658
E01000852,4657
E01000853,4657
E01000854,4658
E01000855,4657
E01000856,4660
E01000857,4661
E01000858,4660
E01000859,4661
E01000860,4661
E01000861,4659
E01000862,4660
E01000863,4660
E01000864,4659
E01000865,4659
E01000866,4660
E01000867,4659
E01000868,4658
E01000869,4659
E01000870,4660
E01000871,4667
E01000872,4667
E01000873,4666
E01000874,4665
E01000875,4666
E01000876,4666
E01000877,4666
E01000878,4665
E01000879,4664
E01000880,4665
E01000881,4664
E01000882,4663
E01000883,4663
E01000884,4666
E01000885,4665
E01000886,4662
E01000887,4663
E01000888,4662
E01000889,4661
E01000890,4662
E01000891,4661
E01000892,4662
E01000893,4663
E01000894,4664
E01000895,4664
E01000896,4663
E01000897,4663
E01000898,4663
E01000899,4665
E01000900,4661
E01000901,4661
E01000902,4661
E01000903,4662
E01000904,4661
E01000905,4661
E01000906,4661
E01000907,4661
E01000908,4662
E01000909,4662
E01000910,4661
E01000911,4661
E01000912,4662
E01000913,4663
E01000914,4656
E01000915,4656
E01000916,4655
E01000917,4655
E01000918,4656
E01000919,4656
E01000920,4656
E01000921,4660
E01000922,4660
E01000923,4660
E01000924,4660
E01000925,4660
E01000926,4659
E01000927,4660
E01000928,4661
E01000929,4664
E01000930,4664
E01000931,4665
E01000932,4665
E01000933,4664
E01000934,4663
E01000935,4664
E01000936,4656
E01000937,4656
E01000938,4657
E01000939,4657
E01000940,4656
E01000941,4657
E01000942,4657
E01000943,4657
E01000944,4659
E01000945,4658
E01000946,4659
E01000947,4659
E01000948,4660
E01000949,4659
E01000950,4659
E01000951,4659
E01000952,4658
E01000953,4658
E01000954,4658
E01000955,4658
E01000956,4658
E01000957,4659
E01000958,4659
E01000959,4659
E01000960,4663
E01000961,4663
E01000962,4664
E01000963,4663
E01000964,4664
E01000965,4664
E01000966,4664
E01000967,4662
E01000968,4665
E01000969,4665
E01000970,4665
E01000971,4665
E01000972,4664
E01000973,4665
E01000974,4666
E01000975,4643
E01000976,4643
E01000977,4642
E01000978,4642
E01000979,4642
E01000980,4643
E01000981,4642
E01000982,4642
E01000983,4642
E01000984,4642
E01000985,4640
E01000986,4641
E01000987,4641
E01000989,4640
E01000990,4641
E01000991,4639
E01000992,4640
E01000993,4641
E01000994,4646
E01000995,4647
E01000996,4646
E01000997,4646
E01000998,4646
E01000999,4646
E01001000,4645
E01001001,4645
E01001002,4646
E01001003,4645
E01001004,4645
E01001005,4645
E01001006,4646
E01001007,4647
E01001008,4646
E01001009,4646
E01001010,4646
E01001011,4645
E01001012,4644
E01001013,4645
E01001014,4645
E01001015,4642
E01001016,4642
E01001017,4642
E01001018,4640
E01001019,4641
E01001020,4640
E01001021,4640
E01001022,4639
E01001023,4643
E01001024,4644
E01001025,4645
E01001026,4645
E01001027,4644
E01001028,4644
E01001029,4643
E01001030,4643
E01001031,4644
E01001032,4640
E01001033,4642
E01001034,4641
E01001035,4642
E01001036,4640
E01001037,4642
E01001038,4641
E01001039,4641
E01001040,4642
E01001041,4642
E01001042,4644
E01001043,4643
E01001044,4642
E01001045,4643
E01001046,4642
E01001047,4642
E01001048,4644
E01001049,4641
E01001050,4642
E01001051,4635
E01001052,4634
E01001053,4634
E01001054,4635
E01001055,4634
E01001056,4634
E01001057,4634
E01001058,4635
E01001059,4636
E01001060,4634
E01001061,4637
E01001062,4639
E01001063,4638
E01001064,4638
E01001065,4636
E01001066,4637
E01001067,4642
E01001068,4639
E01001069,4641
E01001070,4640
E01001071,4638
E01001072,4639
E01001073,4642
E01001074,4642
E01001075,4640
E01001076,4633
E01001077,4633
E01001078,4634
E01001079,4632
E01001080,4633
E01001081,4632
E01001082,4633
E01001083,4648
E01001084,4648
E01001085,4649
E01001086,4647
E01001087,4648
E01001088,4648
E01001089,4648
E01001090,4648
E01001091,4648
E01001092,4643
E01001093,4642
E01001094,4644
E01001095,4642
E01001096,4641
E01001097,4642
E01001098,4641
E01001099,4641
E01001100,4641
E01001101,4640
E01001102,4639
E01001103,4638
E01001104,4639
E01001105,4637
E01001106,4637
E01001107,4640
E01001108,4639
E01001109,4643
E01001110,4644
E01001111,4644
E01001112,4643
E01001113,4644
E01001114,4644
E01001115,4645
E01001116,4644
E01001117,4645
E01001118,4644
E01001119,4636
E01001120,4637
E01001121,4637
E01001122,4639
E01001123,4638
E01001124,4639
E01001125,4638
E01001126,4637
E01001127,4637
E01001128,4636
E01001129,4637
E01001130,4636
E01001131,4639
E01001132,4639
E01001133,4638
E01001134,4639
E01001135,4637
E01001136,4643
E01001137,4645
E01001138,4644
E01001139,4644
E01001140,4644
E01001141,4643
E01001142,4643
E01001143,4642
E01001144,4644
E01001145,4643
E01001146,4645
E01001147,4646
E01001148,4646
E01001149,4645
E01001150,4644
E01001151,4646
E01001152,4645
E01001153,4645
E01001154,4644
E01001155,4645
E01001156,4646
E01001157,4647
E01001158,4645
E01001159,4647
E01001160,4646
E01001161,4647
E01001162,4646
E01001163,4647
E01001164,4645
E01001165,4645
E01001166,4644
E01001167,4644
E01001168,4644
E01001169,4644
E01001170,4643
E01001171,4643
E01001172,4644
E01001173,4643
E01001174,4647
E01001175,4646
E01001176,4647
E01001177,4647
E01001178,4646
E01001179,4646
E01001180,4646
E01001181,4646
E01001182,4647
E01001183,4646
E01001184,4647
E01001185,4641
E01001186,4642
E01001187,4642
E01001188,4642
E01001189,4641
E01001190,4641
E01001191,4642
E01001192,4642
E01001193,4642
E01001194,4641
E01001195,4671
E01001196,4670
E01001197,4671
E01001198,4669
E01001199,4670
E01001200,4669
E01001201,4669
E01001202,4670
E01001203,4669
E01001204,4676
E01001205,4676
E01001206,4676
E01001207,4675
E01001208,4676
E01001209,4675
E01001210,4677
E01001211,4675
E01001212,4675
E01001213,4680
E01001214,4679
E01001215,4680
E01001216,4679
E01001217,4679
E01001218,4679
E01001219,4679
E01001220,4678
E01001221,4673
E01001222,4674
E01001223,4673
E01001224,4675
E01001225,4673
E01001226,4674
E01001227,4674
E01001228,4674
E01001229,4672
E01001230,4672
E01001231,4671
E01001232,4671
E01001233,4672
E01001234,4672
E01001235,4672
E01001236,4673
E01001237,4672
E01001238,4669
E01001239,4669
E01001240,4668
E01001241,4669
E01001242,4669
E01001243,4668
E01001244,4668
E01001245,4667
E01001246,4670
E01001247,4671
E01001248,4675
E01001249,4675
E01001250,4675
E01001251,4676
E01001252,4676
E01001253,4675
E01001254,4676
E01001255,4675
E01001257,4681
E01001258,4680
E01001259,4680
E01001260,4678
E01001261,4679
E01001262,4681
E01001263,4681
E01001264,4680
E01001265,4680
E01001266,4678
E01001267,4679
E01001268,4679
E01001269,4679
E01001270,4680
E01001271,4680
E01001272,4679
E01001273,4672
E01001274,4671
E01001275,4673
E01001276,4673
E01001277,4674
E01001278,4673
E01001279,4674
E01001280,4673
E01001281,4674
E01001282,4677
E01001283,4677
E01001284,4678
E01001285,4677
E01001286,4676
E01001287,4677
E01001288,4677
E01001289,4676
E01001290,4677
E01001291,4680
E01001292,4679
E01001293,4680
E01001294,4681
E01001295,4680
E01001296,4680
E01001297,4681
E01001298,4680
E01001299,4674
E01001300,4672
E01001301,4672
E01001302,4673
E01001303,4673
E01001304,4672
E01001305,4674
E01001306,4674
E01001307,4679
E01001308,4677
E01001309,4680
E01001310,4681
E01001311,4680
E01001312,4679
E01001313,4678
E01001314,4678
E01001315,4681
E01001316,4682
E01001317,4683
E01001318,4682
E01001319,4681
E01001320,4684
E01001321,4682
E01001322,4681
E01001323,4682
E01001324,4682
E01001325,4685
E01001326,4683
E01001327,4684
E01001328,4683
E01001329,4684
E01001330,4682
E01001331,4683
E01001332,4682
E01001333,4679
E01001334,4679
E01001335,4678
E01001336,4678
E01001337,4677
E01001338,4679
E01001339,4678
E01001340,4677
E01001341,4676
E01001342,4676
E01001343,4676
E01001344,4677
E01001345,4675
E01001346,4678
E01001347,4676
E01001348,4677
E01001349,4678
E01001350,4671
E01001351,4670
E01001352,4671
E01001353,4670
E01001354,4670
E01001355,4669
E01001356,4669
E01001357,4669
E01001358,4669
E01001359,4681
E01001360,4680
E01001361,4679
E01001362,4680
E01001363,4681
E01001364,4681
E01001365,4681
E01001366,4681
E01001367,4680
E01001368,4681
E01001369,4679
E01001370,4681
E01001371,4680
E01001372,4679
E01001373,4680
E01001374,4669
E01001375,4668
E01001376,4668
E01001377,4668
E01001379,4668
E01001380,4669
E01001381,4668
E01001382,4673
E01001383,4674
E01001384,4674
E01001385,4673
E01001386,4673
E01001387,4673
E01001388,4674
E01001389,4675
E01001390,4663
E01001391,4662
E01001392,4664
E01001393,4663
E01001394,4661
E01001395,4660
E01001396,4661
E01001397,4661
E01001398,4660
E01001399,4660
E01001400,4661
E01001401,4660
E01001402,4661
E01001403,4660
E01001404,4660
E01001405,4661
E01001406,4660
E01001407,4662
E01001408,4663
E01001409,4661
E01001410,4661
E01001411,4663
E01001412,4667
E01001413,4664
E01001414,4664
E01001415,4668
E01001416,4666
E01001417,4670
E01001418,4667
E01001419,4666
E01001420,4667
E01001421,4666
E01001422,4672
E01001423,4659
E01001424,4658
E01001425,4658
E01001426,4657
E01001427,4656
E01001428,4659
E01001429,4658
E01001430,4658
E01001431,4657
E01001432,4657
E01001433,4658
E01001434,4658
E01001435,4659
E01001436,4658
E01001437,4658
E01001438,4658
E01001439,4659
E01001440,4659
E01001441,4659
E01001442,4659
E01001444,4659
E01001445,4658
E01001446,4659
E01001447,4659
E01001448,4659
E01001449,4658
E01001450,4662
E01001451,4662
E01001452,4662
E01001453,4664
E01001454,4663
E01001455,4661
E01001456,4662
E01001457,4663
E01001458,4659
E01001459,4659
E01001460,4659
E01001461,4660
E01001462,4659
E01001463,4660
E01001464,4659
E01001465,4660
E01001466,4659
E01001467,4659
E01001468,4665
E01001469,4664
E01001470,4666
E01001471,4665
E01001472,4664
E01001473,4665
E01001474,4664
E01001475,4666
E01001476,4658
E01001477,4656
E01001478,4659
E01001479,4658
E01001480,4659
E01001481,4657
E01001482,4657
E01001483,4656
E01001484,4659
E01001485,4658
E01001486,4657
E01001487,4658
E01001488,4658
E01001489,4657
E01001491,4658
E01001492,4657
E01001493,4661
E01001494,4661
E01001495,4662
E01001496,4661
E01001497,4660
E01001498,4662
E01001499,4661
E01001500,4661
E01001501,4662
E01001502,4657
E01001503,4658
E01001504,4658
E01001505,4659
E01001506,4656
E01001507,4658
E01001508,4659
E01001509,4657
E01001510,4657
E01001511,4660
E01001512,4661
E01001513,4660
E01001514,4660
E01001515,4660
E01001516,4660
E01001517,4660
E01001518,4661
E01001519,4665
E01001520,4665
E01001521,4665
E01001522,4665
E01001523,4665
E01001524,4665
E01001525,4666
E01001526,4664
E01001527,4663
E01001528,4665
E01001529,4665
E01001530,4664
E01001531,4664
E01001532,4664
E01001533,4664
E01001534,4665
E01001535,4664
E01001536,4663
E01001537,4662
E01001538,4662
E01001539,4662
E01001540,4663
E01001541,4663
E01001542,4662
E01001543,4661
E01001544,4662
E01001545,4661
E01001546,4660
E01001547,4660
E01001548,4660
E01001549,4660
E01001550,4660
E01001551,4661
E01001552,4660
E01001553,4659
E01001554,4658
E01001555,4657
E01001556,4660
E01001557,4657
E01001558,4657
E01001559,4656
E01001560,4660
E01001562,4659
E01001563,4662
E01001564,4662
E01001565,4663
E01001566,4663
E01001567,4663
E01001568,4663
E01001569,4662
E01001570,4661
E01001571,4632
E01001572,4631
E01001573,4632
E01001574,4631
E01001575,4632
E01001576,4632
E01001577,4632
E01001578,4632
E01001579,4632
E01001580,4640
E01001581,4640
E01001582,4639
E01001583,4639
E01001584,4639
E01001585,4641
E01001586,4640
E01001587,4641
E01001588,4638
E01001589,4639
E01001590,4639
E01001591,4639
E01001592,4639
E01001593,4639
E01001594,4639
E01001595,4638
E01001596,4632
E01001597,4634
E01001598,4633
E01001599,4632
E01001600,4632
E01001601,4631
E01001602,4633
E01001603,4632
E01001604,4635
E01001605,4634
E01001606,4634
E01001607,4635
E01001608,4634
E01001609,4635
E01001610,4635
E01001611,4636
E01001613,4634
E01001614,4632
E01001615,4634
E01001617,4633
E01001618,4631
E01001619,4632
E01001620,4636
E01001621,4635
E01001623,4637
E01001624,4636
E01001625,4636
E01001629,4635
E01001631,4635
E01001632,4634
E01001633,4635
E01001634,4635
E01001635,4634
E01001636,4634
E01001637,4634
E01001638,4642
E01001640,4643
E01001641,4643
E01001642,4642
E01001644,4643
E01001645,4637
E01001646,4637
E01001647,4638
E01001648,4636
E01001649,4637
E01001650,4638
E01001651,4637
E01001652,4638
E01001653,4636
E01001654,4637
E01001655,4635
E01001656,4639
E01001657,4639
E01001658,4638
E01001659,4637
E01001660,4637
E01001661,4636
E01001662,4641
E01001664,4642
E01001665,4641
E01001666,4640
E01001667,4642
E01001668,4642
E01001669,4632
E01001671,4633
E01001672,4633
E01001673,4634
E01001674,4633
E01001675,4633
E01001676,4632
E01001677,4633
E01001678,4633
E01001679,4635
E01001680,4634
E01001681,4634
E01001682,4635
E01001683,4634
E01001684,4634
E01001685,4633
E01001686,4635
E01001687,4634
E01001688,4633
E01001690,4632
E01001692,4633
E01001693,4632
E01001694,4633
E01001695,4635
E01001696,4636
E01001697,4636
E01001698,4635
E01001699,4637
E01001700,4635
E01001701,4636
E01001702,4636
E01001703,4635
E01001704,4634
E01001705,4637
E01001706,4638
E01001708,4638
E01001709,4639
E01001710,4637
E01001711,4638
E01001712,4637
E01001713,4638
E01001714,4657
E01001715,4657
E01001716,4657
E01001717,4657
E01001718,4657
E01001719,4657
E01001720,4657
E01001722,4654
E01001723,4654
E01001724,4655
E01001725,4655
E01001726,4655
E01001727,4654
E01001728,4654
E01001729,4651
E01001730,4651
E01001731,4651
E01001732,4651
E01001733,4651
E01001734,4652
E01001735,4651
E01001736,4655
E01001737,4656
E01001738,4655
E01001739,4655
E01001740,4655
E01001741,4655
E01001742,4655
E01001744,4653
E01001745,4654
E01001746,4653
E01001747,4654
E01001748,4653
E01001749,4653
E01001750,4654
E01001751,4654
E01001752,4654
E01001753,4654
E01001754,4653
E01001755,4653
E01001756,4654
E01001757,4652
E01001758,4652
E01001759,4653
E01001760,4652
E01001761,4653
E01001762,4652
E01001763,4652
E01001764,4654
E01001765,4653
E01001767,4653
E01001768,4654
E01001769,4654
E01001770,4653
E01001772,4653
E01001773,4653
E01001774,4652
E01001775,4652
E01001776,4653
E01001777,4653
E01001779,4654
E01001780,4653
E01001781,4654
E01001782,4654
E01001783,4654
E01001784,4653
E01001785,4650
E01001786,4650
E01001787,4651
E01001788,4651
E01001789,4651
E01001790,4650
E01001791,4651
E01001792,4653
E01001793,4652
E01001794,4652
E01001795,4652
E01001796,4651
E01001798,4653
E01001799,4656
E01001800,4655
E01001801,4656
E01001802,4656
E01001803,4656
E01001804,4656
E01001805,4655
E01001806,4656
E01001807,4656
E01001808,4655
E01001809,4656
E01001811,4657
E01001812,4656
E01001813,4657
E01001814,4655
E01001815,4652
E01001816,4652
E01001819,4653
E01001820,4652
E01001821,4652
E01001822,4653
E01001823,4654
E01001824,4654
E01001825,4655
E01001826,4655
E01001827,4654
E01001828,4653
E01001829,4655
E01001830,4655
E01001831,4655
E01001832,4654
E01001833,4654
E01001834,4654
E01001835,4654
E01001836,4650
E01001837,4651
E01001838,4651
E01001839,4651
E01001840,4651
E01001841,4650
E01001842,4651
E01001843,4651
E01001844,4651
E01001845,4650
E01001846,4649
E01001847,4650
E01001848,4650
E01001849,4649
E01001850,4650
E01001851,4664
E01001852,4664
E01001853,4664
E01001854,4664
E01001855,4663
E01001856,4664
E01001857,4664
E01001858,4666
E01001859,4667
E01001860,4666
E01001861,4667
E01001862,4666
E01001863,4666
E01001864,4666
E01001865,4667
E01001866,4663
E01001867,4663
E01001868,4662
E01001869,4664
E01001870,4662
E01001871,4663
E01001872,4663
E01001873,4663
E01001874,4667
E01001875,4668
E01001876,4668
E01001877,4668
E01001878,4668
E01001879,4662
E01001880,4660
E01001881,4661
E01001882,4661
E01001883,4661
E01001884,4661
E01001885,4661
E01001886,4662
E01001887,4663
E01001888,4663
E01001889,4663
E01001890,4663
E01001891,4663
E01001892,4662
E01001893,4664
E01001894,4664
E01001895,4665
E01001896,4665
E01001897,4665
E01001898,4664
E01001899,4665
E01001900,4664
E01001901,4661
E01001902,4662
E01001903,4662
E01001904,4662
E01001905,4662
E01001906,4661
E01001907,4661
E01001908,4662
E01001909,4662
E01001910,4662
E01001911,4662
E01001912,4661
E01001913,4662
E01001914,4662
E01001915,4662
E01001916,4660
E01001917,4663
E01001918,4662
E01001919,4662
E01001920,4660
E01001921,4660
E01001922,4660
E01001923,4659
E01001924,4660
E01001925,4660
E01001926,4660
E01001927,4667
E01001928,4665
E01001929,4665
E01001930,4666
E01001931,4666
E01001932,4665
E01001933,4666
E01001934,4659
E01001935,4659
E01001937,4659
E01001938,4659
E01001939,4659
E01001940,4665
E01001941,4665
E01001942,4666
E01001943,4665
E01001944,4664
E01001945,4666
E01001946,4665
E01001947,4661
E01001948,4661
E01001949,4661
E01001950,4661
E01001951,4661
E01001952,4661
E01001953,4661
E01001954,4667
E01001955,4666
E01001956,4667
E01001957,4666
E01001958,4666
E01001959,4667
E01001960,4666
E01001961,4666
E01001962,4664
E01001963,4664
E01001964,4662
E01001965,4663
E01001966,4663
E01001967,4663
E01001968,4664
E01001969,4662
E01001970,4662
E01001971,4662
E01001972,4662
E01001973,4664
E01001974,4663
E01001975,4662
E01001976,4657
E01001977,4657
E01001978,4657
E01001979,4657
E01001980,4657
E01001981,4657
E01001982,4657
E01001983,4658
E01001984,4661
E01001985,4661
E01001986,4660
E01001987,4662
E01001988,4660
E01001989,4661
E01001990,4661
E01001991,4664
E01001992,4665
E01001993,4664
E01001994,4664
E01001995,4665
E01001996,4664
E01001997,4664
E01001998,4660
E01001999,4659
E01002000,4659
E01002001,4658
E01002002,4658
E01002003,4660
E01002004,4659
E01002005,4662
E01002006,4662
E01002007,4662
E01002008,4664
E01002009,4662
E01002010,4664
E01002011,4663
E01002013,4661
E01002014,4660
E01002015,4661
E01002016,4660
E01002017,4661
E01002018,4661
E01002019,4662
E01002020,4663
E01002021,4662
E01002022,4663
E01002023,4663
E01002024,4661
E01002025,4663
E01002026,4660
E01002027,4660
E01002028,4659
E01002029,4661
E01002030,4661
E01002031,4660
E01002032,4660
E01002033,4660
E01002034,4657
E01002036,4657
E01002037,4656
E01002038,4657
E01002039,4656
E01002040,4656
E01002041,4657
E01002042,4658
E01002043,4658
E01002044,4658
E01002045,4657
E01002046,4657
E01002047,4658
E01002048,4658
E01002049,4658
E01002050,4655
E01002051,4656
E01002052,4655
E01002053,4656
E01002054,4657
E01002055,4656
E01002056,4657
E01002057,4657
E01002058,4658
E01002059,4660
E01002060,4660
E01002061,4659
E01002062,4659
E01002063,4659
E01002064,4659
E01002065,4658
E01002066,4656
E01002067,4657
E01002068,4655
E01002069,4657
E01002070,4657
E01002071,4656
E01002072,4656
E01002073,4657
E01002074,4656
E01002075,4656
E01002076,4656
E01002077,4656
E01002078,4655
E01002079,4656
E01002080,4656
E01002081,4656
E01002082,4658
E01002083,4659
E01002084,4659
E01002085,4659
E01002086,4658
E01002087,4659
E01002088,4659
E01002089,4658
E01002090,4660
E01002091,4659
E01002092,4658
E01002093,4659
E01002094,4658
E01002095,4658
E01002096,4659
E01002097,4659
E01002098,4661
E01002099,4661
E01002100,4660
E01002101,4661
E01002102,4661
E01002103,4660
E01002104,4660
E01002105,4661
E01002106,4681
E01002107,4679
E01002108,4680
E01002109,4680
E01002110,4680
E01002111,4681
E01002112,4681
E01002113,4679
E01002114,4683
E01002115,4680
E01002116,4679
E01002117,4679
E01002118,4679
E01002119,4678
E01002120,4678
E01002121,4678
E01002122,4677
E01002123,4676
E01002124,4677
E01002125,4676
E01002126,4681
E01002127,4680
E01002128,4682
E01002129,4681
E01002130,4681
E01002131,4680
E01002132,4681
E01002133,4681
E01002134,4680
E01002135,4680
E01002136,4682
E01002137,4680
E01002138,4682
E01002139,4684
E01002140,4684
E01002141,4683
E01002142,4683
E01002143,4684
E01002144,4686
E01002145,4683
E01002146,4687
E01002147,4686
E01002148,4686
E01002149,4687
E01002150,4686
E01002151,4685
E01002152,4687
E01002153,4684
E01002154,4685
E01002155,4685
E01002156,4684
E01002157,4684
E01002158,4685
E01002159,4683
E01002160,4682
E01002161,4684
E01002162,4683
E01002163,4683
E01002164,4683
E01002165,4677
E01002166,4677
E01002167,4678
E01002168,4679
E01002169,4677
E01002170,4679
E01002171,4678
E01002172,4681
E01002173,4680
E01002174,4679
E01002175,4679
E01002176,4680
E01002177,4680
E01002178,4680
E01002179,4682
E01002180,4681
E01002181,4683
E01002182,4682
E01002183,4682
E01002184,4681
E01002185,4688
E01002186,4688
E01002187,4688
E01002188,4687
E01002189,4686
E01002190,4689
E01002191,4685
E01002192,4687
E01002193,4686
E01002194,4687
E01002195,4685
E01002196,4686
E01002197,4680
E01002198,4677
E01002199,4679
E01002200,4678
E01002201,4679
E01002202,4678
E01002203,4679
E01002204,4684
E01002206,4683
E01002207,4684
E01002208,4685
E01002209,4684
E01002210,4684
E01002211,4683
E01002212,4683
E01002213,4682
E01002214,4684
E01002215,4683
E01002216,4684
E01002217,4683
E01002218,4682
E01002219,4681
E01002220,4683
E01002221,4682
E01002222,4682
E01002223,4683
E01002224,4683
E01002225,4684
E01002226,4682
E01002227,4683
E01002228,4682
E01002229,4681
E01002230,4682
E01002231,4682
E01002232,4683
E01002233,4682
E01002234,4683
E01002235,4682
E01002236,4683
E01002237,4682
E01002238,4683
E01002239,4683
E01002240,4682
E01002241,4683
E01002242,4684
E01002243,4632
E01002244,4633
E01002245,4633
E01002246,4633
E01002247,4632
E01002248,4632
E01002249,4631
E01002250,4634
E01002251,4632
E01002252,4622
E01002253,4624
E01002254,4623
E01002255,4625
E01002256,4622
E01002257,4624
E01002258,4623
E01002259,4624
E01002260,4629
E01002261,4628
E01002262,4628
E01002263,4626
E01002264,4627
E01002265,4626
E01002266,4628
E01002267,4627
E01002268,4627
E01002269,4626
E01002270,4627
E01002271,4627
E01002272,4629
E01002273,4625
E01002274,4628
E01002275,4626
E01002276,4631
E01002277,4628
E01002278,4630
E01002279,4629
E01002280,4630
E01002281,4629
E01002282,4630
E01002283,4628
E01002284,4630
E01002285,4626
E01002286,4627
E01002287,4627
E01002288,4626
E01002289,4625
E01002290,4626
E01002291,4626
E01002292,4625
E01002293,4629
E01002294,4627
E01002295,4628
E01002296,4626
E01002297,4629
E01002298,4627
E01002299,4629
E01002300,4628
E01002301,4635
E01002302,4635
E01002303,4634
E01002304,4634
E01002305,4637
E01002306,4635
E01002307,4635
E01002308,4636
E01002309,4631
E01002310,4630
E01002311,4631
E01002312,4631
E01002313,4632
E01002314,4630
E01002315,4631
E01002316,4630
E01002317,4629
E01002318,4628
E01002319,4630
E01002320,4629
E01002321,4628
E01002322,4629
E01002323,4630
E01002324,4628
E01002325,4635
E01002326,4635
E01002327,4634
E01002328,4634
E01002329,4634
E01002330,4634
E01002331,4636
E01002332,4634
E01002333,4633
E01002334,4632
E01002335,4634
E01002336,4633
E01002337,4631
E01002338,4633
E01002339,4632
E01002340,4633
E01002341,4633
E01002342,4625
E01002343,4625
E01002344,4624
E01002345,4626
E01002346,4625
E01002347,4625
E01002348,4623
E01002349,4625
E01002350,4631
E01002351,4630
E01002352,4630
E01002353,4632
E01002354,4631
E01002355,4630
E01002356,4632
E01002358,4630
E01002359,4626
E01002360,4626
E01002361,4627
E01002362,4625
E01002363,4628
E01002364,4627
E01002365,4628
E01002366,4627
E01002367,4627
E01002368,4629
E01002369,4628
E01002370,4628
E01002371,4628
E01002372,4627
E01002373,4628
E01002374,4627
E01002375,4629
E01002376,4630
E01002377,4628
E01002378,4628
E01002379,4630
E01002380,4629
E01002381,4629
E01002382,4630
E01002383,4629
E01002384,4623
E01002385,4622
E01002386,4624
E01002387,4622
E01002388,4623
E01002389,4624
E01002390,4624
E01002391,4619
E01002392,4684
E01002393,4684
E01002394,4684
E01002395,4683
E01002396,4683
E01002397,4684
E01002398,4684
E01002399,4683
E01002400,4687
E01002401,4686
E01002402,4686
E01002403,4686
E01002404,4685
E01002405,4685
E01002406,4685
E01002407,4683
E01002408,4688
E01002409,4687
E01002410,4688
E01002411,4690
E01002412,4689
E01002413,4690
E01002414,4690
E01002415,4686
E01002416,4685
E01002417,4687
E01002418,4686
E01002419,4686
E01002420,4687
E01002421,4685
E01002422,4686
E01002423,4687
E01002424,4685
E01002425,4686
E01002426,4685
E01002427,4686
E01002428,4686
E01002429,4687
E01002430,4689
E01002431,4686
E01002432,4687
E01002433,4688
E01002434,4690
E01002435,4688
E01002436,4688
E01002437,4687
E01002438,4698
E01002439,4697
E01002440,4695
E01002441,4695
E01002442,4697
E01002443,4682
E01002444,4686
E01002445,4687
E01002446,4687
E01002447,4685
E01002448,4684
E01002449,4684
E01002450,4688
E01002451,4689
E01002452,4689
E01002453,4689
E01002454,4687
E01002455,4688
E01002456,4689
E01002457,4688
E01002458,4692
E01002459,4691
E01002460,4690
E01002461,4693
E01002462,4691
E01002463,4691
E01002464,4689
E01002465,4687
E01002466,4687
E01002467,4688
E01002468,4687
E01002469,4687
E01002470,4688
E01002471,4687
E01002472,4692
E01002473,4693
E01002474,4691
E01002475,4694
E01002476,4693
E01002477,4691
E01002478,4691
E01002479,4690
E01002480,4688
E01002481,4689
E01002482,4690
E01002483,4689
E01002484,4690
E01002485,4690
E01002486,4686
E01002487,4685
E01002488,4684
E01002489,4684
E01002490,4684
E01002491,4683
E01002492,4682
E01002493,4683
E01002494,4688
E01002495,4686
E01002496,4684
E01002497,4685
E01002498,4685
E01002499,4685
E01002501,4683
E01002502,4684
E01002503,4683
E01002504,4685
E01002505,4682
E01002506,4683
E01002507,4682
E01002508,4684
E01002509,4690
E01002511,4689
E01002512,4692
E01002513,4690
E01002514,4693
E01002515,4691
E01002516,4690
E01002518,4691
E01002519,4691
E01002520,4693
E01002521,4693
E01002523,4692
E01002525,4688
E01002526,4687
E01002527,4689
E01002528,4687
E01002529,4688
E01002530,4688
E01002531,4689
E01002532,4687
E01002533,4692
E01002534,4690
E01002535,4689
E01002536,4690
E01002537,4690
E01002538,4691
E01002539,4690
E01002540,4682
E01002541,4682
E01002542,4683
E01002543,4682
E01002544,4681
E01002545,4682
E01002546,4682
E01002547,4681
E01002548,4688
E01002549,4688
E01002550,4689
E01002551,4689
E01002552,4689
E01002553,4689
E01002554,4690
E01002555,4681
E01002556,4680
E01002557,4682
E01002558,4681
E01002559,4682
E01002560,4680
E01002561,4680
E01002562,4671
E01002563,4673
E01002564,4672
E01002565,4672
E01002566,4670
E01002567,4671
E01002568,4671
E01002569,4666
E01002570,4667
E01002571,4666
E01002572,4666
E01002573,4667
E01002574,4666
E01002575,4666
E01002576,4668
E01002577,4667
E01002578,4667
E01002579,4667
E01002580,4669
E01002581,4669
E01002582,4668
E01002583,4681
E01002584,4681
E01002585,4680
E01002586,4680
E01002587,4679
E01002588,4679
E01002589,4679
E01002590,4680
E01002591,4677
E01002592,4680
E01002593,4679
E01002594,4678
E01002595,4679
E01002596,4680
E01002598,4679
E01002599,4679
E01002600,4679
E01002601,4680
E01002602,4679
E01002603,4679
E01002604,4675
E01002605,4675
E01002606,4675
E01002607,4676
E01002608,4676
E01002609,4675
E01002610,4676
E01002611,4677
E01002612,4678
E01002613,4676
E01002614,4678
E01002615,4677
E01002616,4678
E01002617,4677
E01002618,4678
E01002619,4678
E01002620,4678
E01002621,4677
E01002622,4679
E01002623,4678
E01002624,4678
E01002625,4679
E01002626,4678
E01002627,4677
E01002628,4677
E01002629,4677
E01002630,4676
E01002631,4679
E01002632,4679
E01002633,4681
E01002634,4680
E01002635,4680
E01002636,4679
E01002637,4681
E01002638,4680
E01002639,4675
E01002640,4676
E01002641,4676
E01002642,4675
E01002643,4674
E01002645,4675
E01002646,4676
E01002647,4676
E01002648,4676
E01002649,4675
E01002650,4677
E01002651,4676
E01002652,4676
E01002653,4674
E01002654,4674
E01002655,4674
E01002656,4673
E01002657,4675
E01002658,4674
E01002659,4674
E01002660,4678
E01002661,4678
E01002662,4676
E01002663,4677
E01002664,4677
E01002665,4677
E01002666,4678
E01002667,4672
E01002668,4672
E01002669,4673
E01002670,4672
E01002671,4672
E01002672,4672
E01002673,4672
E01002674,4675
E01002675,4674
E01002676,4676
E01002677,4674
E01002678,4676
E01002679,4673
E01002680,4674
E01002681,4672
E01002682,4673
E01002683,4673
E01002684,4672
E01002686,4672
E01002687,4668
E01002689,4667
E01002690,4667
E01002691,4670
E01002692,4669
E01002693,4667
E01002694,4656
E01002695,4656
E01002696,4656
E01002697,4656
E01002698,4657
E01002699,4656
E01002700,4657
E01002701,4654
E01002702,4654
E01002703,4655
E01002704,4653
E01002706,4654
E01002707,4655
E01002708,4658
E01002709,4657
E01002710,4657
E01002711,4657
E01002712,4657
E01002713,4658
E01002714,4657
E01002715,4657
E01002716,4655
E01002717,4655
E01002718,4655
E01002719,4656
E01002720,4655
E01002721,4654
E01002722,4655
E01002723,4655
E01002724,4655
E01002725,4655
E01002726,4655
E01002727,4655
E01002728,4656
E01002729,4656
E01002730,4658
E01002731,4659
E01002732,4658
E01002733,4659
E01002734,4658
E01002735,4659
E01002736,4659
E01002737,4659
E01002738,4656
E01002739,4657
E01002740,4657
E01002741,4656
E01002742,4656
E01002743,4656
E01002744,4656
E01002745,4657
E01002747,4657
E01002748,4658
E01002749,4657
E01002751,4658
E01002752,4657
E01002753,4660
E01002754,4661
E01002755,4660
E01002756,4660
E01002757,4661
E01002758,4660
E01002759,4661
E01002760,4660
E01002762,4658
E01002763,4659
E01002764,4659
E01002765,4658
E01002766,4658
E01002767,4658
E01002768,4660
E01002769,4660
E01002770,4661
E01002771,4661
E01002772,4660
E01002773,4661
E01002774,4660
E01002775,4656
E01002776,4655
E01002777,4654
E01002778,4654
E01002779,4655
E01002780,4655
E01002781,4656
E01002782,4655
E01002783,4659
E01002784,4660
E01002785,4659
E01002786,4659
E01002787,4659
E01002788,4660
E01002789,4660
E01002790,4656
E01002791,4656
E01002792,4656
E01002793,4655
E01002794,4656
E01002795,4657
E01002796,4657
E01002797,4655
E01002798,4654
E01002799,4655
E01002800,4655
E01002801,4655
E01002802,4655
E01002803,4655
E01002804,4660
E01002805,4659
E01002806,4659
E01002807,4660
E01002808,4659
E01002809,4660
E01002810,4659
E01002811,4660
E01002812,4661
E01002813,4661
E01002814,4662
E01002815,4661
E01002816,4661
E01002817,4662
E01002818,4658
E01002819,4659
E01002820,4660
E01002821,4659
E01002822,4659
E01002823,4659
E01002824,4662
E01002825,4662
E01002826,4661
E01002827,4662
E01002828,4663
E01002829,4664
E01002830,4664
E01002831,4664
E01002832,4663
E01002833,4664
E01002834,4661
E01002835,4660
E01002836,4660
E01002837,4660
E01002838,4659
E01002839,4660
E01002840,4658
E01002841,4659
E01002842,4659
E01002843,4659
E01002844,4658
E01002845,4659
E01002846,4661
E01002847,4661
E01002848,4661
E01002849,4661
E01002850,4661
E01002851,4661
E01002852,4666
E01002853,4665
E01002854,4664
E01002855,4664
E01002856,4664
E01002857,4665
E01002858,4658
E01002859,4658
E01002860,4658
E01002861,4658
E01002862,4658
E01002863,4658
E01002864,4663
E01002865,4662
E01002866,4663
E01002867,4663
E01002868,4663
E01002869,4664
E01002870,4665
E01002871,4663
E01002872,4664
E01002873,4664
E01002874,4664
E01002875,4664
E01002876,4666
E01002877,4665
E01002878,4665
E01002879,4664
E01002880,4665
E01002881,4664
E01002882,4663
E01002883,4663
E01002884,4663
E01002885,4662
E01002886,4663
E01002887,4660
E01002888,4661
E01002889,4661
E01002890,4661
E01002891,4661
E01002892,4660
E01002893,4660
E01002894,4661
E01002895,4660
E01002896,4660
E01002897,4660
E01002898,4660
E01002899,4658
E01002900,4658
E01002901,4657
E01002902,4658
E01002903,4658
E01002904,4666
E01002905,4665
E01002906,4666
E01002907,4666
E01002908,4666
E01002909,4665
E01002910,4659
E01002911,4659
E01002912,4659
E01002913,4659
E01002914,4658
E01002915,4661
E01002916,4662
E01002917,4661
E01002918,4660
E01002919,4660
E01002920,4662
E01002921,4664
E01002922,4663
E01002923,4663
E01002924,4662
E01002925,4663
E01002926,4662
E01002927,4662
E01002928,4661
E01002929,4660
E01002930,4660
E01002931,4660
E01002932,4662
E01002933,4665
E01002934,4666
E01002935,4664
E01002937,4665
E01002938,4665
E01002939,4662
E01002940,4662
E01002941,4663
E01002942,4662
E01002943,4663
E01002944,4661
E01002945,4661
E01002946,4661
E01002947,4662
E01002948,4662
E01002949,4662
E01002950,4661
E01002951,4664
E01002952,4663
E01002953,4661
E01002954,4664
E01002955,4663
E01002956,4663
E01002957,4664
E01002958,4662
E01002959,4662
E01002960,4663
E01002961,4662
E01002962,4662
E01002963,4661
E01002964,4665
E01002965,4665
E01002966,4664
E01002967,4665
E01002968,4665
E01002969,4664
E01002970,4663
E01002971,4664
E01002972,4664
E01002973,4663
E01002974,4664
E01002975,4660
E01002976,4658
E01002977,4660
E01002978,4658
E01002979,4659
E01002980,4660
E01002981,4660
E01002982,4659
E01002983,4659
E01002984,4660
E01002985,4659
E01002986,4661
E01002987,4664
E01002988,4665
E01002989,4665
E01002990,4664
E01002991,4664
E01002992,4663
E01002993,4664
E01002994,4663
E01002995,4664
E01002996,4662
E01002997,4663
E01002998,4662
E01002999,4664
E01003000,4661
E01003001,4661
E01003002,4663
E01003003,4662
E01003004,4663
E01003005,4662
E01003006,4667
E01003007,4667
E01003008,4666
E01003009,4665
E01003010,4666
E01003011,4666
E01003013,4654
E01003014,4654
E01003015,4654
E01003016,4654
E01003017,4654
E01003018,4651
E01003019,4652
E01003020,4652
E01003021,4652
E01003022,4652
E01003023,4651
E01003024,4651
E01003025,4651
E01003026,4654
E01003027,4653
E01003028,4653
E01003029,4652
E01003030,4654
E01003031,4653
E01003032,4653
E01003033,4653
E01003034,4654
E01003035,4653
E01003036,4654
E01003037,4655
E01003038,4654
E01003039,4654
E01003040,4654
E01003041,4653
E01003042,4655
E01003043,4651
E01003044,4650
E01003045,4651
E01003046,4651
E01003047,4651
E01003048,4651
E01003049,4651
E01003050,4651
E01003051,4651
E01003052,4651
E01003053,4652
E01003054,4653
E01003055,4652
E01003056,4652
E01003057,4653
E01003058,4652
E01003059,4652
E01003060,4652
E01003061,4652
E01003062,4645
E01003063,4646
E01003064,4647
E01003065,4647
E01003066,4647
E01003067,4646
E01003068,4647
E01003069,4646
E01003070,4646
E01003071,4650
E01003072,4649
E01003073,4650
E01003074,4650
E01003075,4650
E01003076,4650
E01003077,4650
E01003078,4649
E01003079,4649
E01003080,4649
E01003081,4648
E01003082,4648
E01003083,4649
E01003084,4648
E01003085,4648
E01003086,4647
E01003087,4648
E01003088,4653
E01003089,4654
E01003090,4653
E01003091,4654
E01003092,4654
E01003093,4653
E01003094,4653
E01003095,4653
E01003096,4652
E01003097,4654
E01003098,4653
E01003099,4653
E01003100,4653
E01003101,4653
E01003102,4653
E01003104,4653
E01003105,4653
E01003106,4653
E01003107,4653
E01003108,4653
E01003109,4654
E01003110,4653
E01003111,4653
E01003112,4654
E01003113,4650
E01003114,4650
E01003115,4650
E01003116,4651
E01003117,4651
E01003118,4651
E01003119,4651
E01003120,4650
E01003121,4654
E01003122,4654
E01003123,4653
E01003124,4653
E01003125,4653
E01003126,4653
E01003127,4652
E01003128,4653
E01003129,4653
E01003130,4651
E01003131,4651
E01003132,4650
E01003133,4649
E01003134,4650
E01003135,4650
E01003136,4651
E01003137,4651
E01003138,4651
E01003139,4650
E01003140,4649
E01003141,4649
E01003142,4650
E01003143,4651
E01003144,4649
E01003145,4650
E01003146,4650
E01003147,4649
E01003148,4650
E01003149,4649
E01003150,4650
E01003151,4650
E01003152,4650
E01003153,4650
E01003154,4649
E01003155,4650
E01003156,4652
E01003157,4653
E01003158,4652
E01003159,4652
E01003160,4652
E01003161,4653
E01003162,4652
E01003163,4652
E01003164,4649
E01003165,4648
E01003166,4648
E01003167,4648
E01003168,4649
E01003169,4649
E01003170,4648
E01003171,4651
E01003172,4650
E01003173,4650
E01003174,4650
E01003175,4650
E01003176,4651
E01003177,4651
E01003178,4651
E01003179,4650
E01003180,4651
E01003181,4652
E01003182,4651
E01003183,4652
E01003184,4652
E01003185,4652
E01003186,4652
E01003187,4652
E01003188,4651
E01003189,4640
E01003190,4641
E01003191,4640
E01003192,4639
E01003193,4641
E01003194,4641
E01003195,4641
E01003196,4640
E01003197,4641
E01003198,4640
E01003199,4641
E01003200,4640
E01003201,4641
E01003202,4640
E01003203,4640
E01003204,4642
E01003205,4642
E01003206,4641
E01003207,4644
E01003209,4644
E01003210,4644
E01003211,4643
E01003212,4644
E01003213,4644
E01003214,4644
E01003215,4645
E01003216,4640
E01003217,4639
E01003218,4639
E01003219,4639
E01003220,4639
E01003221,4641
E01003222,4638
E01003223,4640
E01003224,4640
E01003225,4642
E01003226,4644
E01003227,4643
E01003228,4644
E01003229,4643
E01003230,4643
E01003231,4643
E01003232,4643
E01003233,4643
E01003235,4638
E01003236,4636
E01003237,4637
E01003238,4637
E01003239,4638
E01003240,4638
E01003241,4639
E01003243,4638
E01003244,4646
E01003245,4647
E01003246,4645
E01003247,4646
E01003248,4645
E01003249,4645
E01003250,4646
E01003251,4645
E01003252,4645
E01003253,4644
E01003254,4645
E01003255,4644
E01003256,4644
E01003257,4644
E01003258,4645
E01003259,4644
E01003260,4645
E01003261,4644
E01003262,4644
E01003263,4637
E01003264,4636
E01003265,4635
E01003266,4635
E01003267,4635
E01003268,4638
E01003269,4637
E01003270,4637
E01003271,4637
E01003272,4643
E01003273,4642
E01003274,4642
E01003275,4642
E01003276,4643
E01003277,4643
E01003278,4643
E01003279,4642
E01003280,4638
E01003281,4639
E01003282,4640
E01003283,4639
E01003284,4640
E01003285,4638
E01003286,4639
E01003287,4639
E01003288,4641
E01003290,4640
E01003291,4641
E01003292,4640
E01003293,4641
E01003295,4639
E01003296,4642
E01003297,4647
E01003298,4646
E01003299,4646
E01003300,4645
E01003301,4646
E01003302,4647
E01003303,4645
E01003304,4644
E01003305,4646
E01003307,4643
E01003308,4642
E01003309,4643
E01003310,4643
E01003311,4642
E01003312,4642
E01003313,4643
E01003314,4642
E01003315,4643
E01003316,4643
E01003317,4642
E01003318,4641
E01003319,4641
E01003320,4640
E01003321,4642
E01003322,4641
E01003323,4641
E01003324,4641
E01003325,4641
E01003326,4642
E01003327,4642
E01003328,4643
E01003329,4643
E01003330,4645
E01003331,4644
E01003332,4644
E01003333,4642
E01003334,4643
E01003335,4642
E01003336,4644
E01003337,4644
E01003338,4646
E01003339,4646
E01003340,4645
E01003341,4645
E01003342,4645
E01003343,4645
E01003344,4645
E01003345,4644
E01003346,4638
E01003347,4638
E01003348,4639
E01003349,4637
E01003350,4639
E01003351,4637
E01003352,4639
E01003353,4639
E01003354,4638
E01003355,4656
E01003356,4655
E01003357,4655
E01003358,4656
E01003359,4655
E01003360,4655
E01003361,4656
E01003362,4657
E01003363,4656
E01003364,4656
E01003365,4655
E01003366,4657
E01003367,4654
E01003368,4653
E01003369,4654
E01003370,4654
E01003371,4654
E01003372,4653
E01003373,4653
E01003374,4652
E01003375,4650
E01003376,4654
E01003377,4653
E01003378,4652
E01003379,4652
E01003380,4657
E01003381,4658
E01003382,4658
E01003383,4657
E01003384,4656
E01003385,4657
E01003386,4651
E01003387,4651
E01003388,4652
E01003389,4651
E01003390,4652
E01003391,4651
E01003392,4652
E01003393,4652
E01003394,4652
E01003395,4651
E01003396,4652
E01003397,4652
E01003398,4651
E01003399,4658
E01003400,4657
E01003401,4657
E01003402,4658
E01003403,4658
E01003404,4658
E01003405,4653
E01003406,4653
E01003407,4653
E01003408,4654
E01003409,4652
E01003410,4653
E01003411,4650
E01003412,4651
E01003413,4650
E01003414,4649
E01003415,4650
E01003416,4650
E01003417,4655
E01003418,4656
E01003419,4657
E01003420,4656
E01003421,4657
E01003422,4656
E01003423,4657
E01003424,4655
E01003425,4656
E01003426,4655
E01003427,4655
E01003428,4656
E01003429,4649
E01003430,4648
E01003431,4648
E01003432,4649
E01003433,4649
E01003434,4649
E01003435,4650
E01003436,4653
E01003437,4652
E01003438,4653
E01003439,4654
E01003440,4653
E01003441,4652
E01003442,4658
E01003443,4659
E01003444,4659
E01003445,4660
E01003446,4658
E01003447,4659
E01003448,4653
E01003449,4654
E01003450,4653
E01003451,4655
E01003452,4655
E01003453,4654
E01003454,4656
E01003455,4655
E01003456,4657
E01003457,4656
E01003458,4655
E01003459,4655
E01003460,4661
E01003461,4658
E01003462,4659
E01003463,4660
E01003464,4660
E01003465,4659
E01003466,4658
E01003467,4657
E01003468,4658
E01003469,4659
E01003470,4659
E01003471,4658
E01003472,4658
E01003473,4658
E01003474,4658
E01003475,4656
E01003476,4657
E01003477,4656
E01003478,4657
E01003479,4639
E01003480,4637
E01003481,4639
E01003482,4637
E01003483,4640
E01003484,4639
E01003485,4639
E01003486,4639
E01003487,4638
E01003488,4642
E01003489,4642
E01003490,4641
E01003491,4642
E01003492,4641
E01003493,4641
E01003494,4641
E01003495,4641
E01003496,4644
E01003497,4645
E01003498,4644
E01003499,4643
E01003500,4645
E01003501,4643
E01003502,4643
E01003503,4643
E01003506,4642
E01003507,4642
E01003508,4643
E01003509,4642
E01003511,4642
E01003512,4641
E01003513,4640
E01003514,4640
E01003515,4641
E01003516,4641
E01003517,4642
E01003518,4641
E01003519,4641
E01003520,4641
E01003521,4641
E01003522,4641
E01003523,4640
E01003524,4641
E01003525,4641
E01003526,4640
E01003527,4640
E01003528,4641
E01003529,4641
E01003530,4641
E01003531,4642
E01003532,4641
E01003533,4642
E01003534,4642
E01003535,4639
E01003536,4639
E01003537,4640
E01003538,4640
E01003539,4641
E01003540,4639
E01003541,4640
E01003542,4639
E01003543,4644
E01003544,4645
E01003545,4645
E01003546,4645
E01003547,4644
E01003548,4646
E01003549,4646
E01003550,4645
E01003551,4645
E01003552,4644
E01003553,4645
E01003554,4645
E01003555,4644
E01003556,4644
E01003557,4645
E01003558,4644
E01003559,4646
E01003560,4643
E01003561,4643
E01003562,4643
E01003563,4642
E01003564,4643
E01003565,4642
E01003566,4642
E01003567,4643
E01003568,4643
E01003569,4643
E01003570,4644
E01003571,4643
E01003572,4644
E01003573,4643
E01003574,4644
E01003575,4641
E01003576,4641
E01003577,4641
E01003578,4643
E01003579,4641
E01003580,4640
E01003581,4641
E01003582,4641
E01003583,4641
E01003584,4643
E01003585,4642
E01003586,4643
E01003587,4642
E01003588,4642
E01003589,4642
E01003590,4643
E01003591,4642
E01003592,4643
E01003593,4644
E01003594,4643
E01003595,4643
E01003596,4644
E01003597,4643
E01003598,4644
E01003599,4642
E01003600,4643
E01003601,4642
E01003602,4642
E01003603,4641
E01003604,4641
E01003605,4642
E01003606,4642
E01003607,4643
E01003608,4642
E01003609,4639
E01003611,4637
E01003615,4647
E01003616,4646
E01003617,4646
E01003618,4645
E01003619,4646
E01003621,4640
E01003622,4640
E01003623,4639
E01003624,4640
E01003625,4640
E01003626,4641
E01003627,4640
E01003628,4640
E01003629,4640
E01003630,4644
E01003631,4645
E01003632,4644
E01003633,4645
E01003634,4645
E01003635,4644
E01003636,4645
E01003637,4644
E01003638,4642
E01003639,4641
E01003640,4639
E01003641,4640
E01003642,4640
E01003643,4641
E01003644,4641
E01003645,4641
E01003646,4643
E01003647,4642
E01003648,4642
E01003649,4643
E01003650,4642
E01003651,4643
E01003652,4643
E01003653,4642
E01003654,4647
E01003655,4647
E01003656,4646
E01003657,4645
E01003658,4647
E01003659,4646
E01003660,4647
E01003661,4636
E01003662,4636
E01003663,4637
E01003664,4637
E01003665,4637
E01003666,4637
E01003668,4647
E01003669,4649
E01003670,4649
E01003671,4648
E01003672,4648
E01003673,4649
E01003674,4648
E01003675,4644
E01003676,4644
E01003677,4645
E01003678,4644
E01003679,4644
E01003680,4643
E01003681,4644
E01003682,4644
E01003683,4639
E01003684,4639
E01003685,4640
E01003686,4640
E01003688,4640
E01003689,4640
E01003690,4642
E01003691,4643
E01003692,4642
E01003693,4643
E01003694,4643
E01003695,4642
E01003696,4643
E01003697,4644
E01003698,4643
E01003699,4641
E01003700,4642
E01003701,4642
E01003702,4643
E01003703,4644
E01003704,4642
E01003705,4642
E01003706,4643
E01003707,4644
E01003708,4645
E01003709,4644
E01003710,4645
E01003711,4643
E01003712,4643
E01003713,4638
E01003714,4639
E01003715,4638
E01003716,4637
E01003718,4637
E01003719,4637
E01003720,4641
E01003721,4642
E01003722,4640
E01003723,4641
E01003724,4642
E01003725,4642
E01003726,4639
E01003727,4641
E01003728,4641
E01003729,4640
E01003730,4640
E01003731,4639
E01003732,4640
E01003733,4640
E01003734,4639
E01003735,4639
E01003736,4639
E01003737,4637
E01003738,4637
E01003739,4638
E01003740,4638
E01003741,4637
E01003742,4638
E01003743,4639
E01003744,4650
E01003745,4649
E01003746,4650
E01003747,4648
E01003748,4648
E01003749,4648
E01003750,4649
E01003751,4639
E01003752,4641
E01003753,4640
E01003754,4639
E01003755,4640
E01003756,4640
E01003757,4639
E01003758,4640
E01003759,4647
E01003760,4647
E01003761,4647
E01003762,4647
E01003763,4646
E01003764,4647
E01003765,4647
E01003766,4639
E01003767,4638
E01003768,4639
E01003769,4638
E01003770,4638
E01003771,4638
E01003772,4639
E01003773,4637
E01003774,4647
E01003775,4648
E01003776,4647
E01003777,4646
E01003778,4647
E01003779,4647
E01003780,4648
E01003781,4641
E01003782,4640
E01003783,4641
E01003784,4642
E01003785,4642
E01003786,4641
E01003787,4641
E01003788,4642
E01003789,4646
E01003790,4644
E01003791,4646
E01003792,4644
E01003793,4645
E01003794,4646
E01003795,4645
E01003796,4645
E01003797,4665
E01003798,4665
E01003799,4664
E01003800,4664
E01003801,4665
E01003802,4664
E01003803,4665
E01003804,4666
E01003805,4666
E01003806,4665
E01003807,4666
E01003808,4666
E01003809,4665
E01003810,4671
E01003811,4671
E01003812,4671
E01003813,4672
E01003814,4671
E01003815,4672
E01003816,4667
E01003817,4666
E01003818,4669
E01003819,4669
E01003820,4668
E01003821,4668
E01003822,4672
E01003823,4669
E01003824,4673
E01003825,4674
E01003826,4673
E01003827,4672
E01003828,4674
E01003829,4674
E01003830,4673
E01003831,4674
E01003832,4674
E01003833,4674
E01003834,4666
E01003835,4668
E01003836,4668
E01003837,4667
E01003838,4668
E01003839,4667
E01003840,4675
E01003841,4675
E01003842,4674
E01003843,4676
E01003844,4673
E01003845,4675
E01003846,4668
E01003847,4670
E01003848,4668
E01003849,4669
E01003851,4669
E01003852,4664
E01003853,4664
E01003854,4665
E01003855,4667
E01003856,4666
E01003857,4665
E01003858,4665
E01003859,4667
E01003860,4670
E01003861,4669
E01003862,4668
E01003863,4668
E01003864,4669
E01003865,4667
E01003866,4671
E01003867,4672
E01003868,4670
E01003869,4671
E01003870,4672
E01003871,4671
E01003872,4670
E01003873,4669
E01003874,4668
E01003875,4667
E01003876,4670
E01003877,4668
E01003878,4667
E01003879,4668
E01003880,4671
E01003881,4670
E01003882,4671
E01003883,4672
E01003884,4671
E01003885,4672
E01003886,4670
E01003887,4669
E01003888,4670
E01003889,4669
E01003890,4670
E01003891,4669
E01003892,4669
E01003893,4670
E01003894,4670
E01003895,4670
E01003896,4670
E01003897,4671
E01003898,4672
E01003899,4672
E01003900,4672
E01003901,4673
E01003902,4673
E01003903,4674
E01003904,4672
E01003905,4673
E01003906,4674
E01003907,4675
E01003908,4674
E01003909,4674
E01003910,4673
E01003911,4649
E01003912,4649
E01003913,4650
E01003914,4649
E01003915,4649
E01003916,4650
E01003917,4650
E01003918,4650
E01003919,4651
E01003920,4651
E01003921,4650
E01003922,4650
E01003923,4651
E01003924,4651
E01003925,4650
E01003926,4651
E01003927,4653
E01003929,4652
E01003930,4653
E01003932,4653
E01003933,4653
E01003934,4654
E01003935,4653
E01003936,4652
E01003937,4652
E01003938,4652
E01003939,4652
E01003940,4651
E01003941,4651
E01003942,4651
E01003943,4652
E01003945,4645
E01003946,4646
E01003947,4646
E01003948,4645
E01003949,4645
E01003950,4646
E01003951,4646
E01003952,4647
E01003953,4648
E01003954,4647
E01003955,4646
E01003956,4647
E01003957,4646
E01003958,4646
E01003960,4651
E01003961,4651
E01003963,4651
E01003964,4649
E01003966,4650
E01003967,4651
E01003968,4650
E01003969,4651
E01003970,4650
E01003971,4650
E01003972,4651
E01003973,4651
E01003974,4650
E01003975,4650
E01003976,4650
E01003977,4649
E01003978,4650
E01003979,4650
E01003980,4650
E01003981,4651
E01003983,4648
E01003984,4647
E01003986,4647
E01003987,4648
E01003988,4647
E01003989,4648
E01003990,4648
E01003991,4651
E01003992,4652
E01003993,4652
E01003994,4652
E01003995,4652
E01003997,4651
E01003998,4652
E01003999,4652
E01004000,4646
E01004001,4646
E01004002,4645
E01004003,4647
E01004004,4646
E01004005,4647
E01004006,4646
E01004007,4649
E01004008,4648
E01004010,4648
E01004011,4649
E01004012,4649
E01004013,4648
E01004014,4649
E01004015,4646
E01004016,4645
E01004017,4645
E01004018,4646
E01004019,4646
E01004020,4645
E01004021,4647
E01004022,4649
E01004023,4649
E01004024,4648
E01004027,4651
E01004028,4650
E01004029,4648
E01004030,4648
E01004031,4648
E01004032,4647
E01004033,4648
E01004034,4649
E01004035,4648
E01004036,4647
E01004037,4648
E01004038,4648
E01004039,4649
E01004040,4649
E01004041,4649
E01004042,4649
E01004043,4649
E01004044,4649
E01004045,4648
E01004046,4648
E01004047,4649
E01004048,4648
E01004049,4649
E01004050,4649
E01004051,4649
E01004052,4648
E01004053,4648
E01004054,4647
E01004055,4647
E01004056,4646
E01004057,4647
E01004058,4646
E01004059,4647
E01004060,4647
E01004061,4648
E01004062,4647
E01004063,4648
E01004064,4647
E01004065,4647
E01004066,4648
E01004067,4648
E01004068,4647
E01004069,4648
E01004070,4648
E01004071,4648
E01004072,4647
E01004073,4649
E01004074,4649
E01004075,4647
E01004076,4648
E01004077,4646
E01004078,4646
E01004079,4646
E01004080,4646
E01004081,4646
E01004082,4645
E01004083,4644
E01004084,4645
E01004085,4645
E01004086,4645
E01004087,4646
E01004088,4644
E01004089,4645
E01004090,4651
E01004091,4649
E01004092,4650
E01004093,4651
E01004094,4651
E01004095,4652
E01004096,4651
E01004097,4650
E01004098,4649
E01004099,4649
E01004100,4650
E01004101,4650
E01004102,4649
E01004103,4650
E01004104,4648
E01004105,4649
E01004106,4649
E01004107,4648
E01004108,4647
E01004109,4645
E01004110,4653
E01004111,4654
E01004112,4653
E01004114,4652
E01004115,4654
E01004116,4656
E01004117,4657
E01004118,4655
E01004119,4655
E01004120,4655
E01004121,4657
E01004122,4656
E01004123,4652
E01004124,4653
E01004125,4651
E01004126,4651
E01004127,4651
E01004128,4652
E01004129,4653
E01004130,4654
E01004131,4655
E01004132,4655
E01004133,4654
E01004134,4655
E01004135,4654
E01004136,4655
E01004137,4651
E01004138,4651
E01004139,4651
E01004140,4652
E01004141,4651
E01004142,4652
E01004143,4652
E01004144,4652
E01004145,4653
E01004146,4653
E01004147,4652
E01004148,4653
E01004149,4652
E01004150,4651
E01004151,4650
E01004152,4651
E01004153,4651
E01004154,4650
E01004155,4651
E01004156,4652
E01004157,4653
E01004158,4652
E01004159,4653
E01004160,4653
E01004161,4653
E01004162,4652
E01004163,4650
E01004164,4650
E01004165,4650
E01004166,4649
E01004167,4651
E01004168,4651
E01004169,4650
E01004170,4648
E01004171,4648
E01004172,4648
E01004173,4647
E01004174,4647
E01004175,4649
E01004176,4648
E01004177,4647
E01004178,4647
E01004179,4646
E01004180,4647
E01004181,4646
E01004182,4646
E01004183,4652
E01004184,4651
E01004185,4650
E01004186,4650
E01004187,4651
E01004188,4649
E01004189,4652
E01004190,4656
E01004191,4656
E01004192,4657
E01004193,4657
E01004194,4656
E01004195,4657
E01004196,4656
E01004197,4651
E01004198,4651
E01004199,4651
E01004200,4651
E01004201,4650
E01004202,4651
E01004203,4651
E01004204,4651
E01004205,4651
E01004206,4650
E01004207,4650
E01004208,4650
E01004209,4650
E01004211,4651
E01004212,4650
E01004214,4643
E01004215,4644
E01004216,4643
E01004217,4643
E01004218,4643
E01004219,4645
E01004221,4644
E01004222,4649
E01004223,4649
E01004224,4648
E01004225,4647
E01004226,4648
E01004228,4649
E01004229,4648
E01004230,4649
E01004231,4648
E01004232,4648
E01004233,4649
E01004234,4650
E01004235,4647
E01004236,4646
E01004237,4647
E01004238,4646
E01004239,4647
E01004240,4647
E01004241,4647
E01004242,4646
E01004243,4645
E01004244,4646
E01004245,4644
E01004246,4646
E01004247,4645
E01004248,4646
E01004249,4645
E01004250,4646
E01004251,4647
E01004252,4646
E01004253,4646
E01004254,4647
E01004255,4646
E01004256,4646
E01004257,4645
E01004258,4647
E01004259,4650
E01004260,4650
E01004261,4649
E01004262,4649
E01004263,4649
E01004264,4649
E01004266,4650
E01004267,4647
E01004268,4648
E01004269,4648
E01004270,4648
E01004271,4647
E01004272,4647
E01004273,4647
E01004274,4644
E01004275,4644
E01004276,4644
E01004277,4646
E01004280,4645
E01004281,4644
E01004283,4649
E01004284,4648
E01004285,4648
E01004286,4648
E01004287,4649
E01004288,4648
E01004289,4649
E01004290,4649
E01004291,4649
E01004292,4650
E01004293,4651
E01004294,4650
E01004295,4650
E01004296,4649
E01004297,4649
E01004298,4649
E01004300,4649
E01004301,4649
E01004302,4649
E01004303,4649
E01004304,4650
E01004305,4649
E01004306,4651
E01004307,4652
E01004308,4651
E01004309,4651
E01004310,4651
E01004311,4652
E01004312,4652
E01004313,4651
E01004314,4652
E01004315,4652
E01004316,4652
E01004317,4652
E01004318,4652
E01004319,4650
E01004321,4650
E01004322,4650
E01004323,4650
E01004324,4649
E01004325,4651
E01004326,4650
E01004327,4646
E01004328,4646
E01004329,4646
E01004330,4646
E01004331,4645
E01004332,4646
E01004333,4647
E01004334,4646
E01004335,4647
E01004336,4648
E01004337,4647
E01004338,4647
E01004339,4647
E01004340,4647
E01004341,4647
E01004342,4651
E01004343,4651
E01004344,4652
E01004345,4651
E01004346,4652
E01004347,4652
E01004348,4651
E01004349,4654
E01004350,4654
E01004351,4654
E01004352,4652
E01004353,4651
E01004354,4652
E01004355,4653
E01004356,4654
E01004357,4653
E01004358,4653
E01004359,4652
E01004360,4652
E01004361,4654
E01004362,4648
E01004363,4649
E01004364,4649
E01004365,4650
E01004366,4648
E01004367,4649
E01004368,4649
E01004369,4649
E01004370,4649
E01004371,4648
E01004372,4648
E01004373,4648
E01004374,4648
E01004375,4648
E01004376,4648
E01004377,4650
E01004378,4650
E01004379,4651
E01004380,4650
E01004381,4651
E01004382,4652
E01004383,4650
E01004384,4652
E01004385,4650
E01004386,4651
E01004387,4651
E01004388,4651
E01004389,4651
E01004390,4651
E01004391,4654
E01004392,4652
E01004393,4653
E01004394,4652
E01004395,4654
E01004396,4653
E01004397,4652
E01004398,4654
E01004399,4654
E01004400,4653
E01004401,4654
E01004402,4653
E01004403,4653
E01004404,4653
E01004405,4650
E01004406,4650
E01004407,4651
E01004408,4651
E01004409,4651
E01004410,4650
E01004411,4651
E01004412,4650
E01004413,4652
E01004414,4653
E01004415,4653
E01004416,4652
E01004417,4653
E01004418,4652
E01004419,4652
E01004420,4650
E01004421,4651
E01004422,4652
E01004423,4650
E01004424,4650
E01004425,4651
E01004426,4650
E01004427,4651
E01004428,4650
E01004429,4649
E01004430,4648
E01004432,4649
E01004434,4650
E01004435,4649
E01004436,4648
E01004437,4648
E01004438,4647
E01004439,4648
E01004440,4647
E01004441,4647
E01004442,4648
E01004443,4651
E01004444,4652
E01004445,4651
E01004446,4652
E01004447,4651
E01004448,4652
E01004449,4651
E01004450,4654
E01004451,4654
E01004452,4654
E01004453,4654
E01004454,4653
E01004455,4653
E01004456,4654
E01004457,4652
E01004458,4652
E01004459,4653
E01004460,4652
E01004461,4653
E01004462,4652
E01004463,4652
E01004464,4650
E01004465,4650
E01004466,4650
E01004467,4649
E01004468,4649
E01004469,4650
E01004470,4650
E01004471,4650
E01004472,4654
E01004473,4653
E01004474,4653
E01004475,4653
E01004476,4654
E01004477,4654
E01004478,4655
E01004479,4655
E01004480,4653
E01004481,4653
E01004482,4653
E01004483,4652
E01004484,4652
E01004485,4653
E01004486,4652
E01004487,4653
E01004488,4653
E01004489,4653
E01004490,4656
E01004491,4655
E01004492,4656
E01004493,4657
E01004494,4658
E01004495,4657
E01004496,4657
E01004497,4656
E01004498,4656
E01004499,4659
E01004500,4661
E01004501,4661
E01004502,4659
E01004503,4660
E01004504,4659
E01004505,4660
E01004506,4661
E01004507,4660
E01004508,4657
E01004509,4659
E01004510,4657
E01004511,4659
E01004512,4657
E01004513,4658
E01004514,4658
E01004515,4657
E01004516,4652
E01004517,4651
E01004518,4651
E01004519,4652
E01004520,4652
E01004521,4651
E01004522,4651
E01004523,4652
E01004524,4651
E01004525,4654
E01004526,4654
E01004527,4653
E01004528,4653
E01004529,4653
E01004530,4654
E01004531,4653
E01004532,4653
E01004533,4653
E01004534,4657
E01004535,4657
E01004536,4657
E01004537,4657
E01004538,4658
E01004539,4656
E01004540,4657
E01004541,4657
E01004542,4654
E01004543,4655
E01004544,4654
E01004545,4654
E01004546,4654
E01004547,4654
E01004548,4654
E01004549,4654
E01004550,4654
E01004551,4657
E01004552,4656
E01004553,4656
E01004554,4655
E01004555,4655
E01004556,4655
E01004557,4656
E01004558,4656
E01004559,4655
E01004560,4657
E01004562,4654
E01004563,4656
E01004564,4655
E01004565,4655
E01004566,4656
E01004567,4655
E01004568,4663
E01004569,4663
E01004570,4662
E01004571,4662
E01004572,4661
E01004573,4662
E01004574,4664
E01004575,4664
E01004576,4664
E01004577,4657
E01004579,4657
E01004580,4657
E01004581,4658
E01004582,4658
E01004583,4658
E01004584,4658
E01004585,4656
E01004586,4656
E01004587,4655
E01004588,4656
E01004589,4655
E01004590,4656
E01004591,4655
E01004592,4656
E01004593,4658
E01004594,4659
E01004595,4658
E01004596,4658
E01004597,4658
E01004598,4657
E01004599,4658
E01004600,4658
E01004601,4658
E01004602,4660
E01004604,4663
E01004605,4662
E01004606,4662
E01004607,4662
E01004608,4661
E01004609,4661
E01004610,4655
E01004611,4653
E01004612,4654
E01004613,4654
E01004614,4655
E01004615,4655
E01004616,4654
E01004617,4655
E01004618,4654
E01004619,4656
E01004620,4657
E01004621,4657
E01004622,4656
E01004623,4657
E01004624,4656
E01004625,4656
E01004626,4655
E01004627,4657
E01004628,4660
E01004629,4659
E01004630,4660
E01004631,4660
E01004632,4659
E01004633,4659
E01004634,4660
E01004635,4659
E01004636,4660
E01004637,4659
E01004638,4662
E01004639,4663
E01004640,4662
E01004641,4663
E01004642,4663
E01004643,4661
E01004644,4663
E01004645,4662
E01004646,4663
E01004647,4662
E01004648,4663
E01004649,4662
E01004650,4663
E01004651,4662
E01004652,4662
E01004653,4663
E01004654,4663
E01004656,4662
E01004657,4659
E01004658,4660
E01004659,4660
E01004660,4660
E01004661,4660
E01004662,4660
E01004663,4660
E01004665,4656
E01004666,4657
E01004667,4657
E01004668,4656
E01004669,4656
E01004670,4661
E01004674,4664
E01004675,4664
E01004676,4663
E01004677,4664
E01004678,4664
E01004679,4664
E01004680,4660
E01004681,4662
E01004682,4661
E01004683,4660
E01004684,4660
E01004686,4660
E01004687,4657
E01004688,4660
E01004689,4660
E01004690,4657
E01004691,4658
E01004692,4660
E01004693,4662
E01004694,4661
E01004695,4662
E01004696,4662
E01004697,4662
E01004698,4662
E01004699,4662
E01004700,4661
E01004701,4662
E01004702,4661
E01004703,4662
E01004705,4662
E01004706,4663
E01004707,4663
E01004708,4664
E01004709,4663
E01004710,4664
E01004711,4663
E01004712,4659
E01004713,4659
E01004714,4659
E01004715,4658
E01004716,4659
E01004717,4659
E01004718,4665
E01004719,4665
E01004720,4666
E01004721,4665
E01004722,4665
E01004723,4665
E01004724,4662
E01004725,4661
E01004726,4662
E01004727,4660
E01004728,4662
E01004729,4662
E01004730,4661
E01004731,4657
E01004732,4655
E01004733,4655
E01004734,4656
E01004735,4655
E01004736,4657
E01004737,4655
E01004738,4655
E01004739,4655
E01004740,4655
E01004741,4655
E01004742,4655
E01004743,4655
E01004744,4656
E01004745,4655
E01004746,4655
E01004747,4655
E01004748,4656
E01004749,4656
E01004750,4657
E01004751,4656
E01004752,4656
E01004753,4656
E01004754,4663
E01004755,4664
E01004756,4663
E01004757,4662
E01004760,4663
E01004761,4658
E01004762,4658
E01004763,4657
E01004765,4658
E01032512,4663
E01032513,4664
E01032562,4636
E01032563,4636
E01032564,4637
E01032565,4637
E01032566,4631
E01032567,4631
E01032568,4640
E01032569,4640
E01032570,4626
E01032572,4668
E01032573,4668
E01032574,4658
E01032575,4658
E01032576,4685
E01032577,4685
E01032579,4644
E01032580,4636
E01032581,4636
E01032582,4654
E01032583,4653
E01032584,4653
E01032623,4652
E01032637,4650
E01032638,4650
E01032639,4652
E01032640,4650
E01032646,4651
E01032719,4652
E01032720,4652
E01032722,4651
E01032739,4653
E01032740,4654
E01032741,4631
E01032742,4631
E01032743,4681
E01032744,4681
E01032764,4648
E01032765,4648
E01032766,4651
E01032767,4651
E01032768,4647
E01032769,4648
E01032770,4645
E01032771,4645
E01032772,4645
E01032773,4645
E01032774,4645
E01032775,4645
E01032776,4644
E01032777,4644
E01032778,4644
E01032779,4644
E01032780,4644
E01032781,4646
E01032782,4645
E01032783,4645
E01032784,4648
E01032785,4649
E01032786,4650
E01032787,4650
E01032788,4659
E01032789,4659
E01032790,4658
E01032803,4651
E01032805,4647
E01032834,4650
E01033000,4679
E01033030,4678
E01033081,4671
E01033082,4671
E01033083,4675
E01033084,4675
E01033085,4661
E01033086,4661
E01033093,4661
E01033098,4656
E01033099,4658
E01033100,4655
E01033101,4658
E01033132,4655
E01033133,4658
E01033135,4660
E01033146,4656
E01033148,4657
E01033150,4657
E01033151,4656
E01033153,4650
E01033207,4654
E01033208,4654
E01033320,4640
E01033322,4640
E01033324,4643
E01033325,4643
E01033327,4641
E01033341,4641
E01033424,4674
E01033455,4669
E01033456,4672
E01033457,4675
E01033463,4677
E01033464,4671
E01033485,4669
E01033486,4657
E01033487,4658
E01033488,4658
E01033489,4654
E01033490,4654
E01033491,4658
E01033492,4657
E01033493,4657
E01033494,4657
E01033568,4666
E01033569,4666
E01033570,4668
E01033571,4668
E01033572,4673
E01033573,4673
E01033574,4642
E01033575,4641
E01033576,4643
E01033577,4641
E01033578,4647
E01033579,4647
E01033580,4641
E01033581,4638
E01033582,4636
E01033583,4647
E01033584,4642
E01033585,4643
E01033586,4646
E01033587,4639
E01033588,4638
E01033589,4640
E01033590,4637
E01033591,4639
E01033592,4638
E01033593,4661
E01033594,4661
E01033595,4658
E01033596,4657
E01033597,4656
E01033598,4661
E01033599,4656
E01033600,4662
E01033601,4661
E01033602,4661
E01033603,4661
E01033604,4661
E01033605,4661
E01033606,4663
E01033607,4663
E01033608,4663
E01033698,4653
E01033699,4654
E01033700,4653
E01033701,4657
E01033702,4653
E01033703,4652
E01033704,4652
E01033705,4652
E01033706,4653
E01033707,4653
E01033708,4653
E01033709,4654
E01033710,4652
E01033711,4653
E01033712,4652
E01033713,4653
E01033724,4692
E01033725,4691
E01033726,4637
E01033727,4644
E01033728,4644
E01033729,4632
E01033730,4643
E01033731,4636
E01033732,4641
E01033733,4641
E01033734,4636
E01033735,4636
E01033736,4636
E01033737,4637
E01033738,4640
E01033739,4635
E01033740,4635
E01033741,4634
E01033742,4636
E01033743,4634
E01033744,4635
E01033745,4633
E01033746,4643